64.62475000000009,66.7665000000001,68.0594375000001,69.06487500000009,70.4788750000001,72.1322500000001,73.5980625000001,75.8249375000001,76.2159375000001,77.76625000000011,78.7998750000001,80.18393750000011,81.79393750000013,83.03181250000013,85.30381250000013,86.03512500000014,87.23125000000014,88.81462500000015,91.07343750000014,91.98743750000015,92.89381250000015,94.29950000000014,95.83318750000015,98.29512500000016,99.52875000000014,99.95750000000015,101.92662500000014,103.03050000000016,105.13100000000014,106.24600000000015,107.23825000000016,109.22518750000016,110.22068750000015,111.21812500000016,112.32337500000017,113.60331250000016
8.0,9.0,8.0,8.0,8.0,9.0,9.0,10.0,10.0,10.0,10.0,10.0,10.0,10.0,11.0,11.0,11.0,11.0,11.0,11.0,12.0,12.0,12.0,14.0,14.0,14.0,16.0,16.0,24.0,36.0,54.0,73.0,69.0,55.0,37.0,15.0
65.9586875000001,67.5313125000001,69.2181875000001,70.97525000000009,71.9418125000001,73.43231250000011,75.0495625000001,76.4063125000001,78.0279375000001,78.8986875000001,80.3765000000001,81.61387500000012,83.10762500000013,83.72931250000013,85.21431250000015,86.95075000000014,88.06750000000014,89.18412500000014,90.54200000000014,92.16912500000012,93.28275000000014,94.72306250000013,97.07743750000016,97.37750000000014,99.45981250000015,100.21768750000015,101.44706250000014,103.38900000000015,104.28281250000016,106.40481250000015,107.42968750000016,108.43075000000016,109.52356250000015,111.52075000000016,112.43000000000015,113.81087500000015
7.0,8.0,9.0,9.0,10.0,11.0,12.0,13.0,14.0,14.0,14.0,14.0,14.0,13.0,14.0,14.0,14.0,14.0,13.0,14.0,14.0,13.0,14.0,14.0,14.0,14.0,14.0,13.0,12.0,13.0,12.0,12.0,11.0,10.0,9.0,9.0
81.83900000000011,84.31556250000013,85.66850000000014,86.90531250000014,88.01118750000015,88.99831250000014,90.88025000000015,90.97625000000015,92.96056250000014,93.88468750000014,94.89012500000015,96.09825000000015,97.97887500000016,98.99262500000015,100.00400000000016,101.94443750000015,102.93231250000015,103.89606250000016,105.86275000000015,106.85331250000016,107.87181250000016,109.01806250000017,110.89537500000017,111.92193750000017,112.93212500000016,114.87331250000018,115.84043750000016,116.74018750000016,118.01543750000017,120.03593750000017,121.63218750000017,122.12293750000016,123.22606250000017,124.47275000000016,126.23768750000018,127.69231250000018
13.0,16.0,21.0,36.0,56.0,79.0,102.0,109.0,75.0,49.0,32.0,17.0,17.0,15.0,16.0,14.0,13.0,12.0,11.0,11.0,10.0,10.0,10.0,10.0,10.0,10.0,10.0,9.0,9.0,10.0,9.0,9.0,8.0,9.0,8.0,6.0
63.24262500000009,65.89993750000009,66.4283750000001,68.30043750000011,70.8758125000001,71.20668750000009,74.07306250000009,75.20081250000011,77.1734375000001,78.1622500000001,80.20568750000011,81.16556250000009,83.14518750000013,85.13100000000014,86.14150000000015,87.93625000000014,89.94081250000015,90.97537500000016,92.62493750000014,94.96468750000015,96.07356250000014,97.87675000000016,98.84506250000014,100.32387500000016,102.10900000000015,104.24593750000015,105.05431250000015,107.35481250000016,108.47450000000018,111.38887500000016,111.46193750000016,114.31812500000015,115.31581250000019,116.3028125000002,118.21612500000018,119.92587500000016
8.0,9.0,9.0,10.0,11.0,11.0,13.0,13.0,13.0,12.0,14.0,14.0,13.0,14.0,13.0,13.0,13.0,12.0,13.0,12.0,12.0,12.0,12.0,12.0,12.0,13.0,13.0,13.0,12.0,13.0,12.0,15.0,17.0,19.0,14.0,10.0
105.03275000000016,108.63837500000017,110.30937500000016,111.69900000000015,112.54012500000016,114.47268750000016,116.39287500000017,118.18668750000016,120.31787500000019,122.02981250000018,124.44787500000018,127.18818750000018,129.12356250000016,129.41625000000016,131.64600000000019,134.37243750000016,135.49700000000018,137.80718750000017,140.1932500000002,141.0645625000002,142.42556250000018,145.1498750000002,146.13368750000018,148.7545625000002,150.3690625000002,152.09400000000016,153.9566875000002,156.51668750000022,157.7826250000002,160.82893750000022,162.51168750000022,163.8938125000002,164.72018750000018,166.6738750000002,168.66475000000023,170.2748750000002
9.0,18.0,40.0,51.0,51.0,30.0,14.0,12.0,11.0,11.0,11.0,10.0,10.0,9.0,10.0,10.0,10.0,10.0,10.0,10.0,10.0,10.0,10.0,10.0,10.0,10.0,11.0,12.0,12.0,22.0,41.0,56.0,52.0,33.0,14.0,11.0
-15.94375000000002,-13.637562500000017,-12.914687500000015,-11.380937500000014,-10.046750000000012,-9.26593750000001,-7.84693750000001,-7.6796250000000095,-6.264500000000009,-4.865312500000005,-4.083187500000005,-2.866562500000003,-1.4772500000000015,-0.35856250000000023,0.4237500000000004,1.7511875000000017,2.704312500000003,3.922000000000005,5.377500000000007,6.1835000000000075,7.6173125000000095,8.87593750000001,9.76150000000001,11.181500000000012,11.924625000000013,13.182625000000016,14.256437500000015,15.491250000000019,16.66887500000002,17.725562500000024,19.595937500000026,20.314875000000026,21.842750000000024,22.803500000000028,23.552375000000026,24.775937500000033
12.0,14.0,16.0,25.0,37.0,49.0,61.0,63.0,61.0,41.0,29.0,17.0,14.0,13.0,11.0,11.0,11.0,11.0,10.0,10.0,10.0,10.0,10.0,10.0,9.0,10.0,9.0,9.0,10.0,9.0,9.0,9.0,9.0,8.0,8.0,7.0
87.28375000000014,89.30687500000013,91.21475000000015,92.29037500000015,93.28437500000015,94.32762500000015,95.32418750000015,97.31675000000016,98.31262500000014,99.44406250000016,101.14850000000015,102.29206250000014,103.53893750000016,105.45562500000017,106.55312500000014,107.65887500000017,108.99025000000016,110.56018750000017,112.67943750000016,113.06212500000015,114.42281250000018,115.80956250000015,117.21993750000017,119.79906250000018,120.21793750000016,122.04312500000017,123.17468750000016,124.01206250000017,125.59587500000018,126.88368750000018,128.1695000000002,129.39900000000017,131.5511250000002,132.6575000000002,133.9228125000002,134.9050625000002
12.0,17.0,27.0,50.0,65.0,78.0,76.0,50.0,33.0,19.0,15.0,14.0,15.0,14.0,13.0,13.0,11.0,11.0,11.0,10.0,10.0,10.0,10.0,10.0,10.0,10.0,10.0,9.0,9.0,9.0,9.0,8.0,9.0,9.0,8.0,6.0
-123.18031250000017,-120.03993750000018,-117.80287500000017,-116.81343750000018,-113.61043750000017,-112.88912500000018,-111.02100000000017,-108.51593750000018,-106.52256250000015,-104.73656250000012,-102.38912500000015,-99.65643750000014,-98.88100000000013,-94.95756250000012,-94.76450000000011,-92.42812500000014,-90.63693750000012,-87.06218750000012,-86.36981250000012,-83.5207500000001,-82.51918750000011,-79.1666250000001,-77.21387500000012,-76.41818750000012,-73.29437500000012,-72.27868750000009,-69.4534375000001,-68.37256250000009,-65.4131250000001,-64.4203125000001,-62.42506250000008,-58.52012500000008,-57.51706250000008,-55.597500000000075,-52.48850000000007,-52.41062500000007
7.0,11.0,13.0,13.0,15.0,14.0,13.0,14.0,14.0,15.0,14.0,14.0,13.0,15.0,14.0,14.0,14.0,14.0,14.0,16.0,15.0,16.0,16.0,15.0,16.0,16.0,17.0,16.0,16.0,15.0,16.0,20.0,20.0,14.0,10.0,8.0
42.98975000000006,46.69606250000007,48.84231250000006,50.30743750000006,51.29218750000007,53.38343750000007,54.46718750000008,56.412000000000084,58.13775000000008,59.90243750000009,61.76662500000009,63.85987500000009,66.0604375000001,67.2238750000001,69.84856250000011,71.4322500000001,72.5279375000001,74.38487500000011,76.1512500000001,78.9956875000001,79.93268750000011,81.77443750000013,83.47587500000014,86.89800000000014,87.52118750000014,89.12131250000013,90.86018750000015,92.48518750000014,94.41737500000016,97.83000000000015,99.12062500000016,101.35631250000016,102.32543750000015,103.58562500000016,105.34518750000015,106.92493750000015
14.0,28.0,60.0,83.0,97.0,80.0,55.0,21.0,15.0,13.0,15.0,13.0,11.0,10.0,10.0,10.0,10.0,10.0,10.0,10.0,10.0,9.0,9.0,10.0,10.0,10.0,10.0,10.0,10.0,11.0,14.0,21.0,23.0,21.0,15.0,10.0
80.3668750000001,83.35493750000013,84.35081250000015,86.36093750000013,87.35943750000014,88.35793750000015,90.35493750000013,92.35193750000015,93.31881250000013,95.52568750000015,96.49575000000016,98.50831250000016,100.38437500000015,101.48075000000014,103.33281250000014,104.55343750000016,106.63475000000017,107.78206250000015,109.31331250000015,111.22368750000017,112.55137500000018,114.37425000000017,115.77856250000018,117.58281250000017,120.45656250000017,120.86706250000016,122.58806250000016,124.74487500000018,126.17843750000019,127.32875000000018,128.7085625000002,130.37850000000014,132.08262500000018,133.49875000000017,135.9846250000002,136.93687500000019
12.0,38.0,58.0,98.0,101.0,86.0,38.0,17.0,15.0,15.0,15.0,14.0,12.0,11.0,11.0,10.0,11.0,10.0,10.0,10.0,11.0,11.0,11.0,10.0,11.0,10.0,10.0,11.0,10.0,10.0,9.0,9.0,9.0,7.0,8.0,5.0
-40.94281250000006,-38.07543750000005,-37.00781250000004,-35.017375000000044,-34.196375000000046,-33.37837500000005,-31.967562500000042,-30.34625000000004,-28.936375000000037,-27.523312500000024,-25.931000000000026,-23.897062500000025,-22.178250000000027,-21.550437500000022,-20.144125000000024,-18.34975000000002,-16.445125000000022,-15.496437500000019,-14.072625000000016,-12.337312500000015,-11.029437500000014,-9.719562500000011,-7.45425000000001,-6.698312500000009,-4.109062500000006,-3.238187500000003,-2.3530625000000023,-0.7135625000000005,0.6235000000000006,2.597937500000003,3.896375000000005,5.076625000000006,7.224000000000009,8.29025000000001,9.611312500000011,10.707375000000013
15.0,23.0,41.0,78.0,95.0,98.0,76.0,38.0,23.0,17.0,15.0,17.0,16.0,14.0,14.0,13.0,13.0,12.0,12.0,12.0,12.0,11.0,12.0,12.0,12.0,12.0,11.0,11.0,11.0,10.0,11.0,10.0,10.0,9.0,8.0,8.0
6.305125000000007,9.66650000000001,11.436187500000011,13.245750000000015,15.047875000000019,15.468125000000018,17.28393750000002,19.11356250000002,20.818250000000024,22.499750000000027,24.29475000000003,26.268750000000036,28.05275000000004,29.73287500000004,31.524000000000044,33.238625000000056,34.96968750000005,36.74300000000005,38.350062500000064,41.37537500000005,43.46231250000005,43.75156250000006,45.93425000000006,48.14618750000007,49.218750000000064,50.91868750000006,52.554312500000066,54.797937500000074,56.15343750000008,59.02843750000008,60.63631250000009,62.85500000000009,63.82743750000009,65.79456250000008,67.4846875000001,68.44693750000009
15.0,23.0,41.0,73.0,96.0,90.0,65.0,31.0,17.0,15.0,14.0,15.0,13.0,12.0,11.0,11.0,11.0,11.0,11.0,11.0,11.0,11.0,10.0,11.0,11.0,10.0,10.0,10.0,10.0,10.0,10.0,10.0,9.0,9.0,8.0,7.0
-158.8020000000002,-156.7385000000002,-155.2169375000002,-154.2001250000002,-153.0637500000002,-151.7223750000002,-149.9480000000002,-148.6005625000002,-147.41906250000022,-145.55075000000022,-144.5040625000002,-143.01162500000018,-140.92743750000017,-140.0746250000002,-138.34325000000018,-136.56781250000023,-135.1521875000002,-134.2726875000002,-132.93862500000017,-130.61737500000018,-129.43312500000022,-128.95793750000018,-127.40318750000019,-125.85506250000017,-124.73206250000018,-121.98168750000018,-121.03968750000017,-119.16843750000017,-117.91781250000018,-116.31975000000017,-115.39506250000017,-114.84518750000016,-113.19437500000018,-111.87675000000016,-110.13268750000016,-109.12887500000016
10.0,12.0,12.0,13.0,13.0,14.0,14.0,15.0,14.0,14.0,15.0,14.0,15.0,16.0,15.0,15.0,14.0,14.0,14.0,15.0,16.0,16.0,16.0,17.0,16.0,18.0,19.0,22.0,45.0,76.0,85.0,73.0,37.0,15.0,12.0,10.0
57.02000000000009,60.26037500000008,61.272187500000086,63.2981250000001,64.41675000000009,65.31931250000008,67.4178125000001,68.41600000000008,70.2442500000001,72.1398125000001,73.2071875000001,74.97618750000011,76.44106250000009,78.1854375000001,80.82643750000013,81.22356250000011,82.86725000000014,84.44675000000015,86.05637500000014,87.79893750000015,89.70531250000013,91.66168750000014,92.63831250000015,94.34593750000015,95.94693750000015,98.52893750000014,100.17418750000016,100.49068750000016,102.56593750000015,103.97431250000015,105.61018750000017,107.67037500000018,108.90812500000015,111.01612500000016,111.63500000000016,113.41300000000015
15.0,27.0,45.0,102.0,117.0,117.0,68.0,43.0,19.0,15.0,15.0,14.0,12.0,12.0,11.0,10.0,11.0,11.0,10.0,10.0,10.0,10.0,10.0,10.0,10.0,10.0,10.0,9.0,9.0,9.0,9.0,10.0,9.0,9.0,8.0,7.0
-160.9814375000002,-158.4871250000002,-157.12218750000017,-156.29350000000022,-155.45843750000023,-154.0880000000002,-152.7206250000002,-151.8738125000002,-150.1686875000002,-149.1406250000002,-147.93893750000018,-146.56893750000017,-145.35268750000023,-142.97075000000018,-142.75868750000018,-141.2440625000002,-140.09087500000018,-138.5085000000002,-137.49831250000017,-135.4151250000002,-134.5539375000002,-132.67693750000018,-132.16662500000018,-130.9580625000002,-129.5882500000002,-128.39031250000016,-127.18318750000019,-124.94906250000017,-124.42700000000018,-123.24000000000018,-121.73337500000017,-120.16131250000016,-119.31181250000016,-116.87918750000019,-116.76787500000017,-115.50093750000016
10.0,21.0,32.0,37.0,36.0,31.0,22.0,18.0,16.0,15.0,16.0,16.0,17.0,17.0,15.0,15.0,14.0,15.0,15.0,15.0,16.0,16.0,15.0,15.0,15.0,13.0,14.0,14.0,13.0,12.0,11.0,11.0,9.0,9.0,8.0,8.0
114.27581250000016,116.14618750000017,118.59006250000017,119.40737500000017,121.34143750000017,122.78350000000017,124.06356250000017,125.66387500000019,127.19193750000018,130.32250000000016,131.0175000000002,132.29300000000018,133.86543750000016,136.05531250000018,136.8519375000002,139.6670000000002,140.4583125000002,141.87331250000022,143.1616250000002,144.72293750000017,147.6588750000002,148.17493750000017,149.77043750000018,151.1741250000002,153.93806250000023,155.4755625000002,156.2198750000002,158.1207500000002,160.35825000000017,161.8740625000002,163.27356250000025,163.9103125000002,166.06306250000023,167.34793750000023,168.7567500000002,170.24537500000022
7.0,9.0,10.0,9.0,9.0,9.0,9.0,10.0,9.0,10.0,10.0,10.0,10.0,10.0,10.0,10.0,10.0,10.0,11.0,10.0,11.0,10.0,12.0,11.0,12.0,12.0,13.0,13.0,22.0,43.0,64.0,71.0,53.0,31.0,19.0,14.0
112.20587500000016,115.18581250000017,116.68362500000018,117.80631250000016,119.18250000000018,120.05350000000018,120.94137500000016,122.30931250000017,123.21181250000016,124.56087500000018,125.89531250000017,127.30056250000017,128.53925000000015,129.54375000000016,131.27218750000014,132.09156250000018,133.42025000000018,134.75731250000018,136.26368750000017,137.93843750000013,139.2986875000002,139.75368750000018,141.1128750000002,142.34593750000016,144.2653750000002,145.23968750000017,146.1954375000002,148.2557500000002,149.11887500000017,150.2805625000002,151.69050000000016,152.54587500000022,153.88975000000022,155.64162500000023,156.66125000000022,157.6648125000002
11.0,16.0,24.0,48.0,86.0,114.0,130.0,120.0,97.0,54.0,26.0,20.0,16.0,17.0,15.0,14.0,12.0,11.0,11.0,11.0,12.0,11.0,11.0,10.0,11.0,10.0,9.0,10.0,10.0,10.0,10.0,9.0,9.0,9.0,9.0,9.0
-157.6546250000002,-156.03331250000025,-155.29750000000018,-153.2666250000002,-152.2045000000002,-151.32987500000021,-150.8455625000002,-149.3784375000002,-148.6048750000002,-146.8605000000002,-146.2220000000002,-144.98100000000022,-144.11406250000022,-142.7305625000002,-141.87243750000022,-140.70593750000018,-139.33418750000016,-138.49856250000016,-136.8615000000002,-135.1911250000002,-134.08006250000022,-133.52656250000018,-132.7024375000002,-131.61162500000017,-130.5007500000002,-129.36575000000016,-127.79612500000019,-126.96468750000018,-125.37293750000018,-124.35193750000019,-123.52231250000018,-122.66325000000018,-120.74887500000017,-119.77706250000017,-119.11700000000017,-117.76243750000016
7.0,9.0,9.0,10.0,10.0,11.0,10.0,11.0,10.0,11.0,12.0,12.0,11.0,11.0,10.0,11.0,11.0,11.0,11.0,11.0,12.0,11.0,11.0,11.0,10.0,11.0,11.0,11.0,11.0,11.0,9.0,9.0,9.0,8.0,8.0,8.0
-13.321625000000015,98.95575000000015,99.92593750000016,101.78656250000016,102.77312500000014,104.15043750000017,105.49387500000014,106.80281250000014,107.79918750000016,108.07787500000015,110.06568750000017,110.84131250000016,112.08062500000017,113.28825000000016,114.64106250000016,115.46206250000016,116.91000000000017,118.31187500000016,119.44875000000016,120.70112500000016,121.56437500000018,122.80456250000019,124.04887500000018,126.05056250000017,126.63531250000017,127.76662500000018,129.41462500000017,130.27112500000018,131.91143750000015,132.90156250000018,133.88437500000018,135.20793750000018,136.3956250000002,138.71575000000018,139.09881250000018,140.0950625000002
9.0,11.0,12.0,21.0,28.0,64.0,87.0,69.0,42.0,34.0,20.0,18.0,18.0,18.0,16.0,15.0,15.0,15.0,14.0,15.0,14.0,15.0,15.0,15.0,14.0,13.0,14.0,13.0,14.0,15.0,14.0,12.0,11.0,11.0,10.0,8.0
17.323125000000022,19.207250000000023,19.756812500000024,21.117125000000026,21.532375000000027,23.22637500000003,23.684125000000027,24.55468750000003,25.882062500000032,26.755750000000035,27.623125000000037,29.48012500000004,29.879812500000043,30.84500000000004,32.219250000000045,32.81887500000005,33.95868750000005,35.81306250000006,36.63756250000006,37.03937500000005,38.49475000000005,39.02187500000005,40.14031250000005,41.21200000000006,42.038125000000065,43.13025000000006,44.24075000000006,45.34468750000006,46.448937500000056,47.28543750000006,48.62725000000006,49.217812500000065,50.914312500000065,51.826812500000074,52.303750000000065,53.32581250000008
10.0,12.0,12.0,13.0,13.0,13.0,13.0,13.0,13.0,13.0,13.0,13.0,13.0,13.0,12.0,12.0,12.0,13.0,12.0,12.0,12.0,12.0,12.0,11.0,12.0,12.0,11.0,12.0,11.0,11.0,11.0,10.0,9.0,9.0,9.0,8.0
-10.765500000000014,-8.75712500000001,-7.232937500000009,-6.393687500000009,-4.9195000000000055,-4.2974375000000045,-2.095875000000002,-1.5031250000000016,-0.07681250000000003,0.898687500000001,2.2790000000000026,3.4503125000000043,5.071125000000006,6.308687500000008,7.2395000000000085,9.145937500000011,9.91518750000001,11.910187500000012,13.561125000000015,14.287312500000015,15.006187500000019,16.355437500000022,18.44781250000002,19.174625000000024,20.56581250000002,21.283875000000027,23.403125000000028,24.854750000000035,26.27293750000004,27.665625000000038,28.42043750000004,29.87506250000004,30.67168750000004,32.15643750000004,33.010250000000056,34.23912500000006
7.0,11.0,13.0,14.0,13.0,12.0,11.0,11.0,11.0,11.0,11.0,11.0,11.0,11.0,11.0,11.0,13.0,12.0,12.0,13.0,12.0,12.0,13.0,13.0,13.0,13.0,14.0,16.0,24.0,35.0,50.0,59.0,56.0,35.0,25.0,14.0
-107.28993750000016,-104.89525000000015,-103.93337500000013,-102.93775000000014,-101.95537500000012,-100.97275000000013,-99.99068750000013,-98.76743750000013,-97.62431250000013,-96.36587500000013,-95.2478750000001,-93.95137500000013,-92.63593750000013,-91.64962500000013,-90.49887500000011,-89.03000000000013,-87.7108125000001,-86.5713750000001,-85.03987500000011,-84.04575000000011,-82.76512500000013,-81.14775000000012,-80.6541250000001,-79.78031250000011,-78.3368750000001,-76.89687500000011,-75.8985625000001,-74.90250000000012,-73.80525000000011,-71.82587500000011,-71.3804375000001,-70.2508125000001,-68.45162500000009,-67.63362500000011,-66.6484375000001,-65.49000000000008
9.0,17.0,26.0,40.0,53.0,51.0,40.0,24.0,14.0,12.0,11.0,11.0,11.0,10.0,10.0,10.0,10.0,10.0,11.0,10.0,10.0,10.0,10.0,10.0,10.0,10.0,10.0,10.0,10.0,10.0,9.0,9.0,9.0,8.0,8.0,7.0
110.09050000000016,113.43081250000016,114.86962500000016,116.63856250000016,117.21331250000017,118.65975000000017,120.27543750000017,121.82262500000019,123.72206250000018,124.88387500000019,127.76731250000017,128.9306875000002,129.88006250000018,131.40406250000018,134.35431250000016,134.8406250000002,136.27418750000015,138.12975000000017,139.99887500000017,142.4555625000002,142.8140000000002,144.5735000000002,146.3690625000002,147.60625000000016,150.01237500000022,151.7153750000002,152.6186875000002,155.1718750000002,157.00725000000023,158.9031250000002,160.1827500000002,161.6028750000002,162.2075000000002,163.86018750000017,166.0178750000002,167.4648750000002
8.0,13.0,24.0,35.0,35.0,28.0,18.0,13.0,12.0,11.0,12.0,11.0,11.0,11.0,11.0,11.0,11.0,11.0,11.0,12.0,11.0,11.0,11.0,11.0,12.0,13.0,13.0,14.0,18.0,41.0,68.0,85.0,83.0,53.0,25.0,14.0
-161.58381250000025,-159.5461875000002,-158.3927500000002,-157.01425000000017,-156.7511250000002,-155.6360000000002,-154.52818750000017,-153.1530625000002,-152.06000000000023,-150.98606250000023,-149.81256250000018,-148.51093750000018,-146.7785000000002,-146.18437500000022,-144.9680625000002,-143.18081250000023,-142.56000000000017,-141.4411250000002,-140.36862500000018,-138.9582500000002,-137.54662500000018,-136.79050000000018,-135.47600000000017,-134.0645625000002,-133.31506250000018,-132.0053750000002,-130.61493750000017,-129.75018750000015,-128.48662500000017,-127.12056250000019,-125.56962500000017,-124.99556250000018,-123.67125000000019,-122.60781250000018,-121.38731250000016,-120.32850000000016
16.0,46.0,70.0,76.0,71.0,54.0,31.0,21.0,18.0,18.0,17.0,17.0,17.0,16.0,15.0,15.0,15.0,15.0,15.0,15.0,15.0,14.0,14.0,15.0,13.0,14.0,14.0,13.0,12.0,12.0,11.0,10.0,9.0,9.0,8.0,8.0
-162.4554375000002,-160.9686250000002,-159.0235625000002,-158.35906250000022,-157.3568750000002,-156.12650000000022,-154.45981250000023,-153.31187500000019,-152.3471250000002,-151.05243750000022,-149.31806250000022,-148.0852500000002,-147.1693750000002,-145.6396250000002,-144.4821250000002,-142.7429375000002,-142.1630625000002,-140.4083750000002,-139.2488125000002,-138.32425000000018,-136.9290625000002,-134.95037500000018,-133.67293750000016,-132.3733750000002,-130.95893750000016,-129.9186250000002,-128.50212500000018,-127.68862500000017,-126.87943750000018,-125.45900000000017,-124.03081250000018,-123.0841875000002,-121.80587500000019,-120.36862500000018,-118.92487500000016,-118.11768750000017
8.0,8.0,10.0,9.0,9.0,9.0,9.0,9.0,9.0,10.0,10.0,10.0,10.0,10.0,10.0,10.0,10.0,11.0,11.0,12.0,13.0,14.0,16.0,19.0,29.0,49.0,78.0,85.0,87.0,73.0,49.0,28.0,18.0,13.0,11.0,10.0
-6.6063125000000085,-4.155562500000006,-3.5130000000000035,-2.175562500000002,-1.035312500000001,0.2509375000000002,2.2136875000000025,2.617687500000003,3.964687500000005,5.171250000000007,6.715750000000009,7.956187500000009,9.21506250000001,10.622625000000014,11.768125000000012,12.799687500000013,14.59068750000002,16.38381250000002,17.153437500000024,18.969312500000022,20.39606250000002,20.894687500000025,21.826375000000024,23.896812500000024,25.328062500000037,26.93987500000004,28.190750000000037,29.003812500000038,30.438437500000042,31.870750000000044,32.47306250000004,33.894250000000056,34.72512500000005,36.14568750000005,37.29425000000005,38.69187500000005
7.0,9.0,9.0,10.0,10.0,10.0,11.0,11.0,11.0,11.0,11.0,11.0,11.0,12.0,11.0,12.0,12.0,13.0,12.0,12.0,13.0,14.0,14.0,18.0,19.0,25.0,37.0,55.0,92.0,117.0,121.0,92.0,69.0,34.0,17.0,14.0
97.47962500000014,99.71518750000016,101.85962500000016,102.77025000000016,103.93943750000015,105.83443750000016,106.74262500000017,108.40618750000016,110.72112500000014,111.17987500000015,113.33331250000016,114.66950000000017,115.39037500000018,117.12168750000016,118.61075000000017,120.10987500000016,122.26025000000017,124.11593750000019,125.31506250000017,126.24831250000017,127.42231250000017,129.08568750000018,130.24800000000016,132.3470000000002,133.30550000000017,135.0681875000002,136.68218750000017,138.72268750000018,140.16812500000017,141.5852500000002,143.3980000000002,144.4101250000002,145.72618750000015,146.75168750000017,148.16537500000018,149.6865625000002
8.0,9.0,10.0,10.0,11.0,12.0,11.0,12.0,12.0,12.0,12.0,13.0,12.0,12.0,12.0,13.0,14.0,17.0,23.0,23.0,21.0,15.0,14.0,14.0,13.0,14.0,14.0,14.0,15.0,18.0,33.0,47.0,53.0,50.0,35.0,14.0
-35.11256250000004,-32.995125000000044,-31.633687500000043,-30.25881250000004,-29.60787500000004,-28.20275000000003,-26.791812500000027,-26.08825000000003,-24.63818750000003,-23.319750000000028,-21.937562500000027,-20.55381250000002,-19.618937500000023,-18.30718750000002,-15.845875000000017,-15.63506250000002,-13.309000000000017,-13.011250000000016,-11.391125000000017,-10.325750000000014,-8.73868750000001,-7.332687500000009,-6.538687500000009,-5.321875000000006,-3.8633125000000046,-2.7036250000000024,-1.3989375000000015,0.7233750000000008,2.1361250000000025,3.686687500000005,3.882062500000005,5.1163125000000065,7.4216250000000095,8.177375000000008,9.15306250000001,10.218312500000012
29.0,74.0,104.0,112.0,105.0,69.0,36.0,28.0,17.0,14.0,13.0,13.0,13.0,11.0,11.0,10.0,11.0,10.0,10.0,11.0,10.0,10.0,9.0,9.0,9.0,9.0,9.0,10.0,9.0,9.0,8.0,8.0,8.0,8.0,8.0,6.0
-48.30425000000005,-45.57825000000005,-44.42368750000004,-43.260125000000045,-41.816250000000046,-40.524500000000046,-39.12018750000004,-37.30793750000005,-36.501687500000045,-34.90231250000005,-33.867125000000044,-32.46056250000004,-30.511062500000037,-29.664875000000038,-28.08893750000003,-26.31575000000003,-24.12318750000003,-23.52968750000003,-22.354062500000026,-20.755250000000025,-18.565062500000018,-17.183437500000018,-16.057375000000018,-14.430125000000018,-12.785750000000016,-11.145687500000014,-9.783000000000012,-8.421187500000011,-6.7579375000000095,-6.226375000000008,-4.860062500000005,-3.491187500000003,-2.3355000000000024,-0.9582500000000009,0.7360625000000007,1.8909375000000024
8.0,11.0,12.0,12.0,13.0,13.0,13.0,13.0,13.0,13.0,13.0,13.0,13.0,13.0,13.0,15.0,15.0,15.0,14.0,15.0,15.0,16.0,17.0,18.0,20.0,25.0,43.0,81.0,130.0,134.0,101.0,52.0,26.0,15.0,12.0,11.0
60.84325000000008,62.51075000000009,63.6918125000001,64.3645000000001,65.8283125000001,67.15137500000009,69.1373750000001,69.37037500000011,70.81137500000011,71.9706875000001,73.69850000000011,74.66837500000011,75.89037500000012,76.62850000000012,77.8517500000001,79.2707500000001,80.84837500000012,82.53456250000015,82.71000000000012,85.06887500000013,86.08412500000014,86.87556250000013,87.91543750000015,89.89731250000014,91.14800000000014,92.21856250000015,93.08056250000014,94.07043750000015,95.94487500000014,96.97693750000015,97.92131250000014,98.74506250000015,99.76481250000016,101.37868750000014,102.46325000000014,103.44787500000015
7.0,9.0,10.0,10.0,11.0,11.0,12.0,12.0,12.0,13.0,13.0,13.0,13.0,12.0,12.0,13.0,13.0,13.0,13.0,13.0,13.0,12.0,13.0,14.0,14.0,15.0,14.0,17.0,25.0,24.0,19.0,14.0,12.0,10.0,8.0,7.0
46.934500000000064,49.56325000000007,51.38375000000006,52.519500000000065,53.501500000000085,54.481437500000084,56.43418750000009,57.406687500000075,59.001500000000085,60.30700000000009,62.03643750000009,63.37693750000008,64.66512500000007,66.23943750000011,67.61643750000009,69.07356250000011,70.7648750000001,72.4055000000001,73.7472500000001,76.1722500000001,77.03593750000012,78.93637500000011,79.8865000000001,82.09093750000012,83.70975000000014,84.00731250000013,85.35762500000013,87.63150000000013,89.18150000000014,90.68162500000014,92.45362500000013,93.67856250000015,94.69731250000015,95.72600000000014,96.99768750000015,98.14400000000015
10.0,32.0,56.0,74.0,69.0,51.0,21.0,16.0,14.0,13.0,14.0,13.0,12.0,12.0,11.0,11.0,12.0,12.0,12.0,14.0,13.0,13.0,13.0,14.0,16.0,15.0,17.0,19.0,26.0,51.0,117.0,147.0,120.0,82.0,30.0,14.0
-150.93943750000022,-148.46068750000023,-147.8955625000002,-146.8455625000002,-145.5256250000002,-144.07931250000019,-142.0955000000002,-141.4660625000002,-139.81793750000014,-138.3108750000002,-138.0560000000002,-136.6285000000002,-135.41537500000018,-133.9533750000002,-132.7253125000002,-131.58868750000016,-129.5136250000002,-129.1390625000002,-127.88431250000018,-125.65375000000017,-125.30587500000019,-123.77631250000017,-122.31243750000017,-121.69600000000018,-120.23550000000017,-118.91250000000016,-117.17337500000016,-115.85768750000018,-114.96100000000017,-114.06675000000016,-112.11062500000017,-111.36731250000015,-110.45106250000016,-109.19812500000018,-107.61081250000016,-106.62787500000016
10.0,14.0,13.0,15.0,14.0,15.0,16.0,15.0,16.0,16.0,15.0,15.0,14.0,15.0,14.0,14.0,14.0,14.0,13.0,14.0,14.0,14.0,14.0,14.0,14.0,14.0,13.0,13.0,13.0,12.0,11.0,10.0,10.0,8.0,9.0,8.0
1.0572500000000011,3.916062500000005,4.755687500000006,6.945375000000008,7.516437500000009,8.91368750000001,10.483500000000012,12.916000000000015,13.513875000000013,15.15318750000002,17.07431250000002,18.38581250000002,20.989062500000024,21.69193750000003,23.198062500000027,25.630375000000036,26.66750000000004,27.96681250000004,30.52062500000004,30.74800000000004,32.612937500000044,35.01956250000005,36.75275000000005,38.16325000000005,39.294500000000056,40.97731250000005,42.68950000000006,44.63625000000006,46.03125000000006,47.773750000000064,48.29100000000006,49.67531250000006,51.052125000000075,52.81743750000007,54.11987500000008,55.599500000000084
8.0,10.0,10.0,11.0,12.0,11.0,12.0,13.0,12.0,12.0,13.0,13.0,14.0,13.0,13.0,14.0,13.0,14.0,14.0,14.0,15.0,15.0,17.0,17.0,19.0,22.0,28.0,59.0,111.0,176.0,187.0,170.0,111.0,44.0,23.0,15.0
-159.7066250000002,-156.8986250000002,-155.59600000000023,-153.25331250000022,-150.98068750000022,-149.20137500000018,-148.2917500000002,-146.0550625000002,-145.67943750000018,-143.82643750000022,-142.2926250000002,-140.3840625000002,-137.50443750000022,-136.5559375000002,-134.98243750000017,-133.39506250000022,-131.8251250000002,-130.25006250000018,-128.34268750000018,-126.11368750000018,-125.15987500000017,-122.64831250000019,-120.31756250000018,-119.72006250000018,-117.82987500000016,-116.32487500000016,-114.47387500000016,-113.17212500000016,-110.02881250000017,-108.30656250000017,-106.97975000000017,-106.06725000000014,-104.67200000000014,-102.92475000000013,-100.64800000000012,-99.74912500000013
8.0,11.0,12.0,14.0,14.0,14.0,14.0,14.0,14.0,13.0,13.0,12.0,14.0,14.0,14.0,13.0,13.0,13.0,13.0,13.0,13.0,14.0,14.0,13.0,14.0,14.0,15.0,14.0,17.0,34.0,46.0,51.0,27.0,14.0,10.0,8.0
96.42525000000015,99.39712500000013,102.21856250000015,104.07918750000016,105.77762500000014,107.60562500000015,108.50412500000016,109.83087500000016,111.60568750000017,113.38650000000018,115.59093750000015,117.37625000000017,119.12356250000018,121.35206250000017,123.06256250000017,124.60506250000016,126.29756250000018,128.0951250000002,130.4071250000002,133.23600000000016,135.0029375000002,135.39143750000017,138.2297500000002,139.1739375000002,141.76150000000018,144.21587500000018,145.7490000000002,146.5521250000002,148.90075000000022,150.23600000000022,152.17812500000016,155.39375000000018,156.02212500000022,158.16906250000022,159.53637500000022,161.15650000000022
11.0,14.0,20.0,42.0,85.0,121.0,118.0,80.0,35.0,18.0,15.0,15.0,13.0,13.0,12.0,12.0,11.0,11.0,11.0,11.0,11.0,11.0,12.0,11.0,11.0,11.0,11.0,10.0,10.0,10.0,10.0,10.0,9.0,9.0,8.0,7.0
77.9213125000001,81.14318750000011,82.36268750000015,83.43031250000014,85.70637500000015,86.43712500000012,88.29593750000014,90.01025000000014,91.84918750000014,93.34581250000015,93.65525000000015,95.22093750000015,96.72237500000017,98.89168750000015,99.63400000000016,101.49943750000016,103.59300000000016,104.43281250000017,106.48231250000016,107.46518750000016,109.43143750000017,111.39787500000017,112.18306250000016,114.28906250000016,115.14375000000017,116.46218750000017,118.07568750000017,120.34400000000016,121.33668750000017,123.46518750000017,124.41281250000019,125.54656250000018,127.51387500000018,128.92562500000017,130.47125000000017,132.43843750000013
9.0,9.0,10.0,11.0,14.0,15.0,16.0,18.0,18.0,18.0,18.0,17.0,18.0,19.0,18.0,18.0,19.0,17.0,17.0,17.0,19.0,19.0,18.0,19.0,19.0,18.0,17.0,18.0,16.0,16.0,15.0,15.0,13.0,13.0,10.0,8.0
96.01581250000014,97.27225000000016,98.97750000000016,99.63137500000016,100.83350000000016,102.03800000000015,103.60087500000014,104.37312500000016,105.55531250000016,106.32862500000016,107.69731250000015,109.23262500000016,109.82862500000016,111.25093750000015,112.09556250000016,113.65818750000017,115.53181250000016,115.66650000000018,117.42900000000017,117.88850000000016,118.99156250000017,121.20793750000017,122.08412500000017,122.70800000000017,123.70637500000018,125.41375000000018,126.87731250000017,127.41518750000017,128.28787500000018,130.4212500000002,131.48662500000017,131.79837500000016,132.89437500000017,133.97150000000016,135.4928750000002,137.0973125000002
7.0,7.0,8.0,9.0,8.0,8.0,9.0,8.0,8.0,8.0,8.0,9.0,9.0,9.0,8.0,10.0,14.0,12.0,12.0,9.0,9.0,10.0,9.0,9.0,9.0,9.0,10.0,11.0,14.0,19.0,25.0,25.0,25.0,23.0,14.0,8.0
-156.1800625000002,-154.2510000000002,-152.5701875000002,-151.56306250000023,-150.62331250000022,-149.38175000000018,-147.6332500000002,-146.75643750000023,-145.4557500000002,-144.06506250000024,-142.35456250000016,-141.44368750000018,-140.40150000000017,-138.2988750000002,-137.25118750000019,-136.4598750000002,-134.6245000000002,-133.6011875000002,-132.7971250000002,-131.0690000000002,-129.82281250000023,-127.92150000000018,-126.53087500000018,-126.16868750000019,-124.83675000000017,-122.54462500000017,-121.28331250000018,-119.97256250000017,-119.07668750000018,-117.67356250000017,-117.27962500000018,-115.99768750000017,-114.55093750000015,-113.28262500000017,-112.04637500000018,-110.79406250000017
8.0,8.0,10.0,10.0,10.0,11.0,12.0,13.0,13.0,12.0,12.0,13.0,11.0,13.0,12.0,12.0,13.0,12.0,12.0,12.0,12.0,12.0,12.0,12.0,11.0,13.0,14.0,19.0,27.0,34.0,36.0,24.0,14.0,10.0,9.0,8.0
-89.30918750000014,-86.94568750000012,-85.70937500000011,-84.83987500000012,-83.72800000000011,-82.19575000000012,-80.90275000000011,-79.46300000000011,-76.76150000000011,-76.6669375000001,-74.6363125000001,-73.60456250000011,-71.0630000000001,-70.59131250000011,-69.5280625000001,-67.9970000000001,-66.39187500000008,-64.2472500000001,-63.61162500000009,-61.934750000000086,-59.723937500000076,-58.487375000000085,-57.52456250000007,-56.29781250000008,-54.11381250000008,-52.89500000000007,-51.21756250000007,-50.96231250000007,-49.736000000000075,-48.06068750000006,-46.823437500000054,-45.178250000000055,-42.977062500000045,-42.032375000000044,-40.036500000000046,-39.82268750000004
7.0,9.0,10.0,9.0,9.0,9.0,9.0,9.0,10.0,9.0,10.0,9.0,10.0,10.0,10.0,9.0,10.0,10.0,10.0,11.0,12.0,14.0,14.0,16.0,30.0,51.0,88.0,90.0,73.0,47.0,25.0,15.0,12.0,11.0,10.0,8.0
92.25131250000014,95.69650000000016,97.85575000000014,99.72993750000016,101.63575000000014,103.09281250000016,104.04531250000015,105.96443750000016,107.59375000000016,110.05550000000017,111.56762500000016,113.41081250000015,115.36756250000018,117.32606250000016,119.52406250000017,121.23337500000017,123.17512500000015,125.24150000000017,127.21781250000018,128.81537500000016,131.44193750000017,132.74643750000013,134.51262500000018,136.46368750000016,138.6433125000002,140.5418750000002,143.4993125000002,144.41881250000017,146.11493750000017,148.0810000000002,150.0266250000002,151.9941250000002,153.8687500000002,155.8559375000002,157.68987500000023,159.54556250000024
9.0,13.0,15.0,29.0,65.0,105.0,105.0,62.0,25.0,16.0,15.0,14.0,13.0,12.0,12.0,11.0,11.0,11.0,10.0,10.0,10.0,10.0,10.0,10.0,10.0,10.0,10.0,10.0,10.0,10.0,10.0,10.0,9.0,9.0,8.0,7.0
103.79925000000016,107.64968750000016,109.59862500000017,111.58331250000016,112.72575000000016,113.58781250000017,115.36250000000018,117.18925000000017,119.05737500000018,120.71181250000016,122.59031250000018,124.60687500000017,127.57618750000017,128.18775000000016,129.99331250000023,131.6173125000002,134.25368750000018,135.96225000000015,137.25081250000017,140.42643750000013,140.7311875000002,143.19175000000018,145.15437500000016,146.2919375000002,149.6075625000002,150.2158125000002,152.14700000000022,153.4293750000002,157.04431250000022,157.8938125000002,160.10568750000022,160.99643750000018,162.56950000000023,164.3639375000002,167.06925000000024,167.76193750000022
10.0,19.0,45.0,120.0,168.0,177.0,112.0,37.0,21.0,17.0,14.0,13.0,12.0,11.0,11.0,10.0,10.0,9.0,9.0,10.0,9.0,10.0,9.0,9.0,9.0,9.0,9.0,9.0,9.0,9.0,9.0,9.0,8.0,8.0,8.0,7.0
-31.69737500000004,-29.63956250000004,-28.190375000000028,-27.44218750000003,-26.713875000000026,-25.299000000000028,-23.950812500000026,-22.468312500000025,-21.728250000000024,-19.728312500000023,-19.161562500000024,-17.866562500000022,-16.72006250000002,-14.548812500000018,-14.212375000000016,-11.937750000000015,-11.626375000000014,-9.869312500000012,-9.21200000000001,-7.89400000000001,-6.8481250000000085,-5.627437500000006,-3.751187500000005,-2.8096250000000027,-1.6078750000000017,-0.11881250000000004,1.3760625000000013,2.753687500000003,3.5078125000000044,4.268500000000005,5.469125000000007,6.800937500000009,8.11068750000001,9.374500000000012,10.43381250000001,11.558375000000012
10.0,16.0,22.0,21.0,18.0,13.0,10.0,10.0,9.0,10.0,9.0,10.0,9.0,10.0,9.0,10.0,9.0,10.0,9.0,9.0,9.0,9.0,10.0,10.0,10.0,12.0,19.0,26.0,27.0,21.0,16.0,9.0,8.0,8.0,7.0,7.0
72.85068750000009,75.6183125000001,76.2685625000001,77.7780000000001,79.47937500000012,80.35443750000012,81.91112500000011,83.44725000000014,83.68412500000014,84.91862500000013,86.45856250000016,87.85762500000013,88.87537500000013,90.71518750000014,91.87500000000014,93.97425000000014,94.99487500000015,95.98243750000016,97.14025000000015,99.05918750000015,100.13293750000015,101.11150000000015,103.14518750000016,104.17987500000015,105.13381250000016,106.13481250000017,108.13531250000015,109.13481250000017,110.13375000000016,112.24550000000016,113.12737500000017,114.12418750000018,115.25843750000017,117.26156250000015,118.31331250000017,119.31368750000017
8.0,10.0,11.0,13.0,14.0,15.0,16.0,17.0,17.0,18.0,17.0,18.0,17.0,17.0,17.0,17.0,17.0,17.0,17.0,17.0,17.0,16.0,18.0,17.0,18.0,18.0,18.0,18.0,17.0,17.0,15.0,14.0,12.0,11.0,10.0,7.0
-147.10493750000018,-145.6940000000002,-144.17812500000016,-143.2406875000002,-141.9686250000002,-141.06725000000017,-139.7613125000002,-138.1915000000002,-137.24243750000016,-136.29218750000018,-135.03812500000018,-133.12525000000016,-132.81487500000017,-131.5802500000002,-130.3258125000002,-129.34612500000017,-128.08931250000018,-126.49087500000016,-125.53812500000018,-124.58481250000018,-122.67593750000017,-121.42075000000017,-120.16812500000017,-118.91887500000016,-117.96437500000019,-117.00850000000017,-116.05112500000018,-115.09175000000016,-114.13025000000019,-112.89218750000019,-111.66306250000017,-110.44481250000017,-109.27631250000017,-107.56706250000016,-107.06712500000017,-105.85625000000013
6.0,10.0,11.0,10.0,11.0,11.0,11.0,12.0,12.0,13.0,12.0,13.0,13.0,13.0,13.0,14.0,14.0,14.0,14.0,15.0,19.0,22.0,31.0,51.0,83.0,112.0,116.0,95.0,62.0,34.0,21.0,16.0,12.0,10.0,10.0,8.0
66.00712500000009,68.88612500000008,70.0006250000001,71.8812500000001,72.8349375000001,74.0148125000001,74.99056250000011,76.97381250000011,77.9826875000001,79.40956250000009,81.45887500000009,82.49800000000013,84.02112500000013,85.66737500000013,86.73812500000014,89.17368750000014,90.21350000000015,91.25406250000013,93.25343750000015,94.34187500000016,96.44137500000016,97.45825000000015,99.44768750000016,100.44162500000016,102.46612500000015,103.40850000000017,104.46393750000014,106.41325000000016,107.40693750000015,109.30581250000016,110.33737500000015,112.03506250000017,113.32712500000017,115.24956250000018,116.81487500000017,118.11131250000017
10.0,24.0,45.0,111.0,128.0,122.0,93.0,34.0,21.0,19.0,17.0,17.0,16.0,15.0,16.0,15.0,15.0,14.0,13.0,12.0,12.0,13.0,12.0,13.0,13.0,12.0,14.0,12.0,13.0,12.0,12.0,11.0,10.0,10.0,9.0,7.0
95.01943750000014,96.92081250000014,100.32693750000014,101.09875000000017,103.20737500000016,105.15893750000016,106.36312500000014,107.80356250000015,109.49462500000016,111.18643750000017,112.89406250000017,114.83687500000016,117.74800000000016,118.19393750000016,120.11350000000016,122.97618750000018,123.70287500000018,125.35762500000018,127.89918750000018,129.8500625000002,131.12525000000016,132.7196875000002,134.69618750000018,136.72775000000019,139.1050000000002,140.5852500000002,141.53793750000017,143.81756250000024,146.62975000000017,148.3616250000002,150.2146875000002,151.6450000000002,152.0529375000002,153.8790000000002,155.61000000000018,157.5067500000002
7.0,7.0,8.0,8.0,8.0,9.0,9.0,8.0,8.0,8.0,9.0,9.0,9.0,9.0,9.0,10.0,9.0,9.0,9.0,10.0,10.0,10.0,10.0,11.0,11.0,11.0,13.0,14.0,19.0,38.0,97.0,127.0,130.0,103.0,53.0,21.0
-4.640125000000005,-1.043562500000001,0.3515625000000003,1.1594375000000012,3.1430625000000045,5.121937500000007,6.402000000000008,8.47350000000001,10.528812500000011,11.788625000000014,13.954187500000014,16.981000000000023,18.15718750000002,20.633625000000023,22.336937500000026,24.246125000000028,25.957375000000038,26.477125000000036,28.026437500000043,29.736812500000042,31.623687500000038,33.337250000000054,35.76831250000005,36.948937500000056,39.13025000000006,40.856750000000055,42.493687500000064,44.298812500000054,46.890687500000055,47.79868750000006,49.650125000000074,51.38218750000007,53.414125000000084,55.020750000000085,57.66806250000009,58.68543750000008
7.0,13.0,15.0,16.0,11.0,9.0,9.0,9.0,10.0,10.0,10.0,11.0,12.0,15.0,21.0,34.0,41.0,39.0,37.0,34.0,21.0,12.0,11.0,10.0,10.0,9.0,8.0,8.0,8.0,8.0,8.0,7.0,7.0,7.0,7.0,7.0
119.12768750000016,120.98843750000019,122.16100000000017,123.69606250000017,124.84118750000017,126.40331250000017,127.55993750000017,129.12331250000017,130.71962500000018,131.50950000000017,132.87225000000018,134.28625000000017,136.44843750000018,137.25043750000015,138.56018750000015,139.7773750000002,140.85693750000019,142.8385625000002,143.79356250000023,144.91818750000016,146.63331250000022,147.5878125000002,150.0274375000002,150.63212500000017,151.9368750000002,153.48543750000022,154.1680625000002,156.26093750000018,157.6761250000002,159.07981250000023,160.4766875000002,161.23550000000023,162.63556250000022,164.01756250000022,165.09068750000023,166.50943750000022
6.0,7.0,7.0,8.0,7.0,7.0,7.0,8.0,8.0,7.0,7.0,7.0,8.0,8.0,8.0,8.0,7.0,8.0,8.0,8.0,8.0,9.0,9.0,9.0,9.0,9.0,10.0,12.0,23.0,40.0,47.0,42.0,30.0,18.0,12.0,8.0
19.379000000000026,20.749500000000026,22.146437500000026,24.02668750000003,24.932937500000037,25.82918750000004,27.21318750000004,27.59868750000004,28.97193750000004,29.96950000000004,31.20425000000004,32.45037500000004,34.43868750000004,35.31406250000006,35.927000000000056,37.39981250000005,38.26950000000006,39.43600000000006,40.67181250000006,41.77118750000005,43.202625000000054,44.828750000000056,45.304000000000066,46.66156250000006,47.956937500000066,48.83781250000007,50.18362500000006,51.19025000000006,52.62418750000006,53.54831250000008,54.94562500000008,56.14412500000009,57.15937500000008,58.38018750000009,59.439875000000086,60.60543750000008
6.0,6.0,8.0,11.0,12.0,13.0,12.0,10.0,9.0,8.0,8.0,8.0,9.0,9.0,8.0,9.0,8.0,8.0,8.0,8.0,8.0,8.0,8.0,8.0,8.0,8.0,8.0,8.0,8.0,7.0,7.0,7.0,6.0,6.0,6.0,5.0
-149.8396875000002,-147.42287500000023,-146.5681875000002,-145.26618750000017,-144.2746875000002,-143.4588125000002,-142.3486250000002,-141.2493125000002,-139.1036250000002,-138.24106250000023,-137.26962500000016,-135.77793750000018,-135.10568750000016,-133.5397500000002,-132.9796250000002,-132.0688750000002,-130.86100000000022,-129.96175000000017,-128.73300000000017,-127.67131250000018,-126.08162500000017,-125.41618750000019,-124.01168750000018,-123.18000000000018,-121.68287500000017,-120.89050000000017,-119.55262500000018,-118.21581250000018,-116.89587500000016,-116.30581250000016,-115.01231250000016,-113.96900000000014,-112.69112500000017,-111.31725000000014,-110.71712500000018,-109.60556250000016
8.0,9.0,9.0,11.0,10.0,11.0,10.0,11.0,12.0,13.0,14.0,21.0,29.0,41.0,49.0,48.0,37.0,28.0,18.0,14.0,12.0,11.0,11.0,11.0,11.0,11.0,10.0,10.0,10.0,9.0,8.0,8.0,8.0,8.0,7.0,6.0
-7.3141250000000095,-3.7517500000000044,-2.3358750000000024,-0.3898125000000003,1.2980625000000012,1.8218750000000021,3.5330625000000047,5.041187500000007,6.757125000000008,8.599062500000011,10.973437500000012,13.074812500000014,14.456312500000019,16.50031250000002,17.87500000000002,20.373875000000023,22.048250000000024,23.685625000000027,25.47556250000003,26.907500000000034,27.712562500000033,29.29275000000004,31.085000000000043,32.765937500000035,34.655687500000056,37.836437500000045,38.35125000000005,40.57050000000006,41.534375000000054,43.45287500000006,46.376875000000055,47.80062500000007,48.59112500000006,50.03125000000007,52.31493750000007,53.46587500000008
8.0,13.0,17.0,27.0,34.0,32.0,25.0,13.0,10.0,9.0,10.0,10.0,10.0,10.0,10.0,11.0,11.0,16.0,27.0,31.0,29.0,18.0,12.0,9.0,9.0,10.0,10.0,10.0,10.0,10.0,17.0,25.0,27.0,27.0,15.0,11.0
122.26862500000018,123.86543750000017,124.99956250000018,125.84137500000017,127.25681250000018,127.96212500000019,129.3473125000002,130.74025000000017,131.4590625000002,132.8612500000002,134.39250000000015,135.0006875000002,136.4818750000002,137.0771875000002,138.48662500000017,139.89900000000017,141.45712500000022,141.9200000000002,142.80000000000018,144.1587500000002,144.99987500000017,147.08350000000019,147.77475000000018,148.47431250000022,149.88200000000018,150.60112500000022,151.97431250000022,153.2966250000002,154.9216250000002,155.69393750000017,156.35037500000018,157.77137500000018,158.56950000000023,159.77318750000018,160.9000000000002,162.2295000000002
5.0,8.0,7.0,8.0,9.0,9.0,10.0,11.0,11.0,11.0,12.0,12.0,12.0,11.0,12.0,12.0,12.0,11.0,12.0,11.0,12.0,12.0,12.0,12.0,11.0,11.0,11.0,11.0,13.0,12.0,13.0,12.0,11.0,8.0,8.0,7.0
-157.5061250000002,-155.3174375000002,-154.8134375000002,-152.51231250000023,-152.01712500000022,-150.7498125000002,-149.53956250000022,-148.00531250000023,-147.0045625000002,-145.6353750000002,-144.4195625000002,-142.71462500000018,-141.85381250000017,-139.6164375000002,-139.2195000000002,-137.8403750000002,-135.5754375000002,-134.25581250000022,-133.7202500000002,-132.86968750000017,-131.54637500000018,-130.34168750000015,-128.41337500000017,-127.46718750000018,-126.37481250000017,-125.09218750000018,-123.74687500000016,-121.36900000000017,-120.11606250000017,-118.86325000000016,-118.0002500000002,-117.15825000000018,-115.92818750000019,-114.78612500000017,-113.56468750000018,-112.12731250000017
6.0,9.0,9.0,10.0,10.0,9.0,8.0,9.0,8.0,9.0,8.0,9.0,8.0,9.0,9.0,8.0,9.0,9.0,9.0,8.0,9.0,9.0,9.0,9.0,8.0,9.0,9.0,10.0,12.0,14.0,16.0,14.0,11.0,8.0,7.0,6.0
99.29475000000016,103.96250000000015,106.13737500000016,106.92331250000015,109.08400000000015,111.24350000000015,113.87443750000018,118.07668750000018,119.02662500000017,120.72856250000017,123.04137500000019,125.61343750000019,127.84468750000018,130.70393750000017,132.51425000000017,135.67218750000018,139.2412500000002,141.21181250000018,142.05725000000018,144.85312500000023,146.77506250000022,149.1589375000002,151.7553750000002,153.8325000000002,157.4877500000002,158.93831250000022,161.0260625000002,164.9125625000002,167.1601250000002,170.0518125000002,172.54475000000022,174.7088125000002,176.63125000000025,178.00225000000023,180.14106250000026,182.13506250000023
7.0,14.0,30.0,33.0,27.0,14.0,10.0,10.0,9.0,9.0,8.0,8.0,8.0,9.0,9.0,10.0,25.0,41.0,43.0,19.0,10.0,10.0,10.0,9.0,10.0,9.0,9.0,10.0,11.0,11.0,17.0,39.0,55.0,51.0,24.0,13.0
72.39056250000012,74.86668750000011,75.5929375000001,77.39687500000011,77.9876875000001,79.56362500000012,80.55718750000011,82.36975000000014,83.41362500000014,84.51781250000013,86.47993750000013,87.51475000000013,89.63362500000014,90.57843750000016,91.58787500000014,92.60237500000017,94.61000000000016,95.63037500000016,96.57318750000015,98.58825000000014,99.67425000000016,101.56481250000014,102.49106250000015,103.62225000000016,104.58168750000016,106.49025000000016,107.66000000000017,108.65887500000017,110.69381250000016,111.68737500000017,112.67918750000015,113.66912500000015,115.63975000000016,116.63468750000017,117.60400000000016,118.79487500000016
6.0,8.0,8.0,9.0,9.0,10.0,10.0,10.0,10.0,10.0,10.0,11.0,11.0,12.0,11.0,11.0,11.0,11.0,11.0,11.0,11.0,12.0,11.0,12.0,11.0,13.0,17.0,22.0,40.0,48.0,46.0,35.0,16.0,12.0,10.0,9.0
48.599375000000066,50.701375000000056,51.34493750000006,52.586812500000065,53.592562500000085,54.24781250000008,55.229625000000084,56.72725000000008,57.69218750000009,59.410062500000095,59.85787500000009,61.36162500000009,61.80250000000009,62.854187500000094,64.03112500000009,65.1906875000001,66.1581250000001,67.6017500000001,68.39662500000009,69.77512500000009,70.72262500000011,72.5976875000001,72.91106250000009,73.8918125000001,75.7035625000001,76.97437500000012,78.25706250000009,79.1834375000001,80.1097500000001,81.03856250000011,81.97300000000013,82.91643750000016,83.87287500000014,85.19343750000014,86.17187500000014,87.11156250000015
6.0,8.0,8.0,8.0,9.0,10.0,9.0,9.0,10.0,10.0,10.0,11.0,10.0,11.0,11.0,11.0,11.0,11.0,11.0,11.0,12.0,13.0,12.0,11.0,12.0,13.0,19.0,29.0,39.0,44.0,40.0,28.0,17.0,11.0,8.0,7.0
-162.40900000000022,-159.9630625000002,-159.10793750000022,-157.57412500000018,-156.93643750000024,-156.08100000000024,-154.62212500000018,-153.4633750000002,-152.3381250000002,-150.6686250000002,-149.83375000000018,-148.18106250000022,-147.3473125000002,-145.98018750000017,-144.90993750000018,-143.25006250000018,-142.3571250000002,-140.86268750000016,-139.77931250000017,-138.57212500000017,-137.35612500000016,-136.14168750000016,-133.7606875000002,-133.14650000000017,-131.91625000000016,-130.95612500000018,-128.7630000000002,-127.96425000000019,-126.33618750000018,-125.73662500000017,-124.90287500000017,-123.47075000000018,-122.36881250000017,-121.00962500000017,-119.29306250000018,-118.81112500000017
9.0,28.0,37.0,49.0,50.0,45.0,29.0,17.0,14.0,14.0,13.0,12.0,12.0,11.0,11.0,11.0,11.0,11.0,11.0,12.0,11.0,11.0,12.0,12.0,13.0,14.0,19.0,22.0,25.0,26.0,21.0,15.0,11.0,10.0,9.0,8.0
111.76825000000017,113.85275000000016,115.50043750000016,117.84675000000016,118.17112500000016,119.75231250000017,121.42843750000019,123.06193750000018,124.99037500000017,126.14756250000018,127.04400000000018,128.9215000000002,130.06468750000016,131.62793750000014,133.04406250000022,134.46218750000014,136.2518125000002,137.78231250000016,138.96293750000018,140.39068750000018,142.27881250000019,144.4655000000002,144.9429375000002,146.7560000000002,147.8441875000002,149.49731250000025,151.19943750000016,153.42012500000018,155.18450000000018,156.0976250000002,156.9976875000002,158.37943750000017,159.7986250000002,161.2567500000002,162.74706250000025,164.2632500000002
5.0,6.0,7.0,7.0,6.0,7.0,7.0,7.0,8.0,8.0,7.0,7.0,7.0,7.0,7.0,7.0,8.0,8.0,8.0,8.0,8.0,9.0,9.0,10.0,10.0,11.0,12.0,23.0,60.0,80.0,90.0,82.0,52.0,28.0,16.0,12.0
74.2455000000001,76.2736250000001,77.2851875000001,79.3021250000001,80.30750000000012,81.31100000000009,82.31275000000014,84.30862500000015,85.30912500000014,86.29868750000013,88.21806250000013,89.22225000000014,90.15825000000014,91.40750000000014,93.12325000000014,94.25212500000015,95.95606250000016,97.02518750000014,98.11187500000014,99.44393750000016,101.02356250000015,101.95943750000016,103.31918750000015,104.93137500000017,106.21756250000017,108.28418750000017,109.10681250000015,110.21012500000015,111.33331250000016,113.19068750000015,114.02193750000016,115.13868750000019,116.44718750000017,117.89200000000017,119.45818750000018,120.89962500000016
9.0,13.0,16.0,32.0,41.0,43.0,41.0,26.0,18.0,13.0,9.0,10.0,10.0,9.0,9.0,9.0,8.0,8.0,8.0,8.0,8.0,8.0,8.0,8.0,8.0,8.0,7.0,7.0,8.0,7.0,7.0,7.0,7.0,7.0,7.0,7.0
116.70287500000018,119.56700000000015,120.94237500000017,122.32468750000017,123.71325000000017,124.41831250000017,125.81875000000016,127.22306250000018,128.66356250000018,131.5550625000002,132.21350000000018,133.6284375000002,135.0197500000002,136.4795000000002,137.85137500000016,139.28881250000018,140.71318750000017,142.8235625000002,144.2669375000002,145.66293750000017,147.73406250000022,148.4546875000002,149.8636875000002,152.0445000000002,152.7291250000002,154.1861875000002,156.9695000000002,157.69450000000018,159.0781250000002,160.4996250000002,161.9288750000002,163.3501250000002,164.74887500000023,166.2082500000002,167.5596250000002,168.9573750000002
8.0,10.0,16.0,23.0,27.0,24.0,17.0,13.0,13.0,13.0,13.0,13.0,12.0,12.0,12.0,12.0,13.0,13.0,13.0,13.0,13.0,12.0,13.0,13.0,12.0,13.0,13.0,13.0,13.0,13.0,13.0,12.0,11.0,10.0,8.0,7.0
-172.72012500000025,-169.05837500000027,-167.62525000000028,-166.95300000000026,-165.50781250000028,-163.3227500000002,-161.9186250000002,-159.7439375000002,-156.9046250000002,-155.4746875000002,-154.8014375000002,-153.35581250000024,-151.3199375000002,-149.11850000000018,-147.69531250000023,-146.3107500000002,-144.2007500000002,-142.74987500000017,-139.96575000000018,-139.1963125000002,-137.1915000000002,-135.01531250000022,-133.60587500000017,-132.11881250000022,-129.1810000000002,-128.5228750000002,-125.68850000000018,-124.41825000000017,-122.24218750000018,-120.84281250000016,-118.65837500000018,-118.05368750000018,-116.66368750000017,-114.86818750000016,-112.88050000000018,-111.49075000000016
10.0,41.0,56.0,56.0,47.0,19.0,11.0,10.0,10.0,10.0,9.0,9.0,8.0,9.0,9.0,9.0,9.0,9.0,9.0,9.0,9.0,10.0,9.0,9.0,11.0,11.0,12.0,12.0,19.0,37.0,61.0,59.0,46.0,19.0,12.0,8.0
84.70343750000013,86.63418750000014,87.35131250000013,89.14456250000013,90.06956250000015,90.98131250000014,91.90912500000013,92.85200000000015,93.80968750000015,94.78262500000014,95.77131250000014,96.77625000000015,97.72631250000015,98.83500000000015,99.88743750000016,100.92700000000013,102.01968750000016,103.03843750000017,104.14950000000016,105.14468750000016,107.19956250000017,107.40325000000016,108.97668750000015,109.45256250000016,110.49875000000017,111.63325000000016,113.04237500000016,114.42093750000016,114.89493750000018,116.22075000000018,117.10650000000018,117.89737500000018,119.08118750000017,120.39812500000016,121.03881250000016,122.35743750000019
8.0,9.0,10.0,14.0,24.0,39.0,54.0,63.0,59.0,45.0,28.0,17.0,12.0,11.0,11.0,11.0,11.0,11.0,11.0,10.0,11.0,10.0,10.0,9.0,9.0,10.0,10.0,10.0,9.0,9.0,9.0,8.0,8.0,8.0,7.0,5.0
-34.12100000000004,-31.752937500000037,-30.40218750000004,-29.800812500000035,-29.03768750000004,-27.66112500000003,-26.274500000000028,-24.932312500000023,-23.523937500000024,-22.787750000000024,-21.36056250000002,-19.888625000000022,-18.99231250000002,-17.766687500000025,-16.45143750000002,-14.556937500000018,-13.988312500000017,-11.814312500000016,-11.297937500000014,-10.125062500000013,-8.873687500000011,-7.48612500000001,-5.872687500000007,-5.0908125000000055,-3.8833750000000045,-2.5008750000000024,-1.2722500000000012,-0.09206250000000002,1.148062500000001,2.817187500000003,4.272750000000006,5.183750000000007,7.222250000000009,7.605125000000009,9.16718750000001,9.909625000000013
24.0,65.0,93.0,105.0,105.0,86.0,48.0,23.0,14.0,13.0,11.0,11.0,11.0,10.0,9.0,9.0,9.0,9.0,8.0,8.0,9.0,8.0,8.0,7.0,8.0,7.0,7.0,7.0,7.0,7.0,7.0,7.0,7.0,6.0,6.0,5.0
116.89693750000016,118.66268750000016,120.19662500000018,122.11606250000015,122.38881250000016,124.69693750000017,125.50312500000015,126.52131250000016,127.70693750000017,129.10537500000018,130.88756250000017,132.1128125000002,133.0916875000002,134.4909375000002,136.48537500000018,137.32093750000018,138.51081250000016,139.90956250000022,141.51593750000018,142.7073750000002,143.9000000000002,145.7116875000002,147.5035625000002,148.1157500000002,149.90906250000023,150.70956250000023,152.30812500000022,153.50843750000018,154.7127500000002,156.1159375000002,157.7108750000002,158.73718750000018,160.6996875000002,161.49012500000018,162.88893750000022,164.1165625000002
5.0,7.0,7.0,8.0,8.0,9.0,10.0,9.0,9.0,10.0,10.0,10.0,10.0,10.0,10.0,10.0,10.0,10.0,11.0,11.0,11.0,11.0,11.0,11.0,11.0,10.0,10.0,9.0,10.0,10.0,9.0,9.0,9.0,7.0,7.0,7.0
-75.91368750000011,-73.97850000000011,-72.55862500000009,-70.7063125000001,-69.08193750000011,-67.1951875000001,-64.71156250000008,-64.3901875000001,-61.855250000000076,-60.17937500000008,-59.22281250000009,-57.220187500000065,-55.45575000000007,-54.50531250000007,-52.32543750000008,-50.99293750000007,-48.367875000000055,-47.882687500000046,-45.66643750000006,-44.87381250000006,-43.199375000000046,-41.61987500000005,-38.825812500000055,-37.36812500000005,-36.624687500000036,-34.78287500000005,-32.73756250000004,-30.881562500000037,-28.652375000000024,-27.343312500000025,-25.491875000000025,-25.095937500000026,-23.249625000000027,-21.914687500000028,-20.091500000000025,-18.742437500000023
7.0,8.0,8.0,9.0,10.0,10.0,10.0,9.0,10.0,10.0,10.0,10.0,10.0,9.0,10.0,9.0,10.0,10.0,11.0,10.0,10.0,10.0,11.0,11.0,11.0,11.0,12.0,13.0,20.0,38.0,64.0,63.0,41.0,22.0,10.0,10.0
