-141.20387500000018,-138.70206250000018,-136.70987500000015,-132.8863125000002,-131.8125000000002,-129.7015625000002,-128.6550000000002,-125.54512500000018,-124.55168750000017,-122.59181250000019,-119.80037500000017,-117.67606250000017,-116.67800000000018,-113.79875000000015,-111.88850000000016,-108.99643750000017,-107.14181250000017,-105.95200000000014,-103.28118750000014,-101.46937500000013,-99.92418750000014,-97.44937500000012,-94.68081250000013,-92.74106250000011,-92.60937500000011,-90.37462500000012,-87.78150000000012,-86.34968750000012,-83.09850000000012,-82.22600000000011,-80.0008125000001,-76.64875000000009,-75.59375000000011,-74.5391875000001,-72.49181250000011,-70.31193750000011
73.0,93.0,86.0,93.0,90.0,95.0,90.0,94.0,93.0,90.0,88.0,90.0,93.0,91.0,92.0,87.0,88.0,87.0,93.0,94.0,90.0,89.0,92.0,87.0,93.0,87.0,89.0,82.0,86.0,86.0,89.0,84.0,80.0,75.0,67.0,52.0
69.1866875000001,74.5835000000001,76.2075625000001,78.8405625000001,82.10225000000013,85.17381250000014,88.06975000000014,90.51925000000014,92.21706250000013,95.01768750000015,99.83806250000016,102.08362500000015,105.38175000000015,108.92087500000017,110.52206250000016,112.40312500000016,117.09187500000016,120.05975000000018,121.34000000000017,125.24487500000018,126.63650000000018,130.2626875000002,133.78425000000016,136.7680000000002,137.6193750000002,140.6800625000002,143.52287500000017,148.6963750000002,150.51956250000023,152.9212500000002,154.9170625000002,158.3856250000002,161.5548750000002,164.25331250000022,166.4096875000002,168.9826250000002
53.0,86.0,94.0,89.0,90.0,88.0,88.0,89.0,94.0,92.0,91.0,91.0,93.0,92.0,89.0,89.0,93.0,88.0,91.0,86.0,83.0,86.0,88.0,87.0,90.0,88.0,90.0,91.0,86.0,86.0,84.0,88.0,87.0,86.0,87.0,72.0
-204.79375000000033,-196.96168750000027,-196.49381250000033,-191.19331250000033,-185.6407500000003,-183.1146875000003,-178.3804375000003,-174.61393750000025,-169.59931250000028,-165.75618750000024,-161.40906250000023,-158.2701250000002,-155.3091250000002,-150.0181250000002,-145.31481250000024,-140.1453750000002,-135.42600000000016,-133.06368750000019,-129.9898125000002,-124.14606250000018,-120.83881250000017,-115.52787500000017,-114.04012500000019,-109.99831250000018,-103.62200000000014,-100.32456250000014,-96.11868750000012,-91.88943750000013,-90.17806250000012,-84.5369375000001,-79.6800000000001,-77.23775000000012,-73.6133750000001,-68.07393750000011,-65.7550000000001,-62.10362500000008
96.0,118.0,111.0,111.0,112.0,110.0,109.0,107.0,108.0,106.0,111.0,106.0,105.0,106.0,108.0,109.0,117.0,144.0,140.0,115.0,119.0,114.0,112.0,113.0,113.0,115.0,123.0,118.0,115.0,118.0,112.0,108.0,110.0,121.0,107.0,68.0
-120.78600000000019,-116.32187500000018,-112.18906250000016,-109.55150000000017,-106.55862500000015,-105.10818750000014,-101.59756250000014,-99.49262500000012,-95.75212500000012,-92.87375000000011,-90.73243750000013,-87.58125000000013,-83.77018750000012,-82.0026875000001,-78.1060625000001,-76.70675000000011,-73.4345625000001,-71.10187500000009,-68.7216250000001,-65.7443750000001,-62.78437500000008,-59.30325000000008,-57.293937500000084,-52.978750000000076,-49.73156250000007,-47.80506250000005,-43.420562500000045,-41.78218750000005,-38.67993750000005,-36.312750000000044,-31.85625000000004,-30.349375000000038,-26.147062500000025,-23.970875000000024,-23.093062500000023,-20.149125000000023
71.0,115.0,103.0,107.0,110.0,105.0,108.0,109.0,110.0,106.0,111.0,111.0,109.0,108.0,108.0,110.0,117.0,121.0,119.0,111.0,110.0,111.0,107.0,107.0,114.0,110.0,114.0,113.0,111.0,111.0,109.0,112.0,110.0,115.0,104.0,68.0
-190.3050000000003,-186.5558125000003,-183.94637500000027,-179.9898125000003,-177.7246250000003,-174.9085625000003,-173.2128750000003,-169.8572500000003,-166.6406875000003,-162.73193750000019,-160.07981250000023,-159.40825000000018,-155.5013125000002,-154.3056875000002,-149.86275000000023,-148.38006250000024,-145.6235000000002,-142.80193750000018,-137.81825000000015,-136.36850000000018,-134.2517500000002,-131.16656250000017,-129.29287500000018,-126.47981250000016,-121.89943750000018,-121.16287500000016,-117.43837500000018,-113.63943750000017,-112.51900000000016,-109.12818750000018,-105.55875000000012,-102.83262500000012,-99.80156250000013,-99.10731250000013,-95.87837500000012,-93.43937500000013
104.0,121.0,109.0,109.0,109.0,110.0,105.0,108.0,111.0,108.0,110.0,111.0,114.0,111.0,118.0,114.0,120.0,113.0,111.0,107.0,107.0,107.0,107.0,112.0,108.0,107.0,108.0,111.0,107.0,109.0,107.0,120.0,123.0,114.0,80.0,62.0
-204.5378750000003,-198.95637500000032,-194.54731250000032,-191.4008750000003,-186.78362500000028,-183.8220000000003,-180.8435000000003,-175.27556250000026,-169.74168750000024,-166.56387500000025,-165.1438125000003,-158.3930625000002,-153.87981250000024,-152.29306250000025,-145.7966250000002,-141.87500000000017,-137.66431250000022,-136.8168125000002,-133.3621250000002,-127.83743750000018,-122.95168750000018,-120.32568750000017,-115.80881250000017,-113.76387500000016,-106.46618750000015,-103.17381250000012,-99.08187500000011,-96.87000000000013,-92.53725000000011,-87.34925000000013,-84.88212500000012,-79.00837500000011,-74.7576250000001,-74.52550000000011,-70.61387500000009,-66.7860000000001
83.0,107.0,107.0,107.0,106.0,108.0,113.0,111.0,111.0,112.0,108.0,111.0,110.0,107.0,109.0,110.0,127.0,124.0,115.0,112.0,112.0,107.0,107.0,108.0,110.0,107.0,111.0,113.0,106.0,108.0,106.0,106.0,103.0,101.0,87.0,63.0
-184.5971875000003,-181.2587500000003,-179.1063750000003,-176.7288125000003,-174.27412500000028,-171.87637500000028,-169.17400000000026,-164.66793750000028,-162.0525000000002,-160.61287500000023,-158.60806250000024,-154.9558750000002,-154.2479375000002,-151.2345000000002,-147.3274375000002,-144.3965000000002,-142.31468750000022,-141.5661250000002,-138.98831250000018,-136.44712500000017,-133.58756250000022,-131.3006250000002,-129.0227500000002,-125.67093750000018,-123.53793750000018,-119.63362500000017,-118.42037500000018,-115.99337500000016,-112.79031250000018,-108.88943750000017,-107.96581250000015,-105.32031250000013,-101.63168750000013,-100.66075000000012,-98.32462500000011,-95.69093750000013
126.0,127.0,118.0,120.0,117.0,115.0,119.0,119.0,115.0,118.0,117.0,114.0,116.0,115.0,115.0,119.0,127.0,132.0,124.0,121.0,117.0,118.0,115.0,115.0,115.0,115.0,116.0,112.0,111.0,111.0,112.0,121.0,130.0,119.0,89.0,66.0
-211.5500000000003,-203.92081250000035,-200.98037500000032,-198.88756250000029,-194.7433125000003,-191.21056250000026,-187.45806250000027,-181.8954375000003,-177.1340000000003,-175.1078125000003,-168.9383750000003,-164.60393750000026,-162.71287500000025,-157.14481250000023,-155.74718750000017,-150.4478750000002,-144.1809375000002,-143.5486875000002,-138.65818750000017,-132.1912500000002,-132.08262500000018,-127.24056250000017,-123.65562500000019,-119.23800000000018,-112.61000000000017,-108.30831250000016,-107.55075000000016,-101.19243750000014,-97.93418750000014,-95.42625000000012,-92.2768750000001,-87.5858125000001,-81.32143750000012,-80.34837500000012,-76.16931250000012,-72.2960000000001
94.0,111.0,110.0,109.0,109.0,110.0,111.0,111.0,113.0,110.0,113.0,111.0,112.0,114.0,112.0,110.0,125.0,118.0,118.0,111.0,111.0,115.0,115.0,111.0,113.0,113.0,113.0,108.0,113.0,110.0,105.0,107.0,106.0,103.0,75.0,67.0
71.0512500000001,74.36625000000011,77.5263125000001,78.6437500000001,82.50381250000014,84.78362500000014,86.65943750000015,89.94531250000014,92.41375000000015,94.99656250000014,97.17231250000015,99.76243750000016,100.59456250000015,103.67131250000016,107.08381250000015,108.42831250000016,110.73381250000016,113.86893750000017,117.18025000000017,119.87593750000018,120.97475000000017,124.91700000000017,126.64062500000017,128.87556250000017,130.2060000000002,133.09518750000018,135.08793750000018,138.8215625000002,140.7082500000002,144.7942500000002,147.06912500000018,149.23906250000022,149.76818750000018,154.51237500000022,156.65481250000022,157.2055000000002
58.0,83.0,100.0,94.0,91.0,90.0,94.0,91.0,92.0,95.0,93.0,90.0,99.0,94.0,93.0,91.0,93.0,93.0,95.0,98.0,99.0,92.0,93.0,97.0,96.0,95.0,95.0,93.0,97.0,91.0,93.0,92.0,90.0,92.0,91.0,85.0
-149.82162500000018,-145.1204375000002,-139.38962500000017,-137.7191875000002,-133.0491875000002,-128.75556250000017,-127.62700000000018,-121.76793750000019,-119.35312500000018,-114.55712500000018,-111.23993750000017,-108.35987500000016,-104.18006250000013,-101.22387500000013,-99.25687500000012,-92.81975000000011,-91.80000000000013,-88.73312500000011,-85.13531250000013,-80.7518750000001,-74.9137500000001,-71.41550000000011,-68.23562500000011,-67.48825000000011,-63.608750000000086,-59.71487500000008,-56.24093750000007,-50.07787500000008,-46.35175000000005,-43.82981250000006,-39.98000000000005,-37.872437500000046,-34.961437500000045,-31.678625000000043,-28.383437500000028,-25.289812500000025
100.0,119.0,121.0,122.0,120.0,122.0,117.0,121.0,121.0,120.0,119.0,119.0,121.0,117.0,119.0,137.0,139.0,122.0,118.0,120.0,123.0,118.0,117.0,117.0,116.0,117.0,117.0,116.0,117.0,119.0,114.0,114.0,112.0,108.0,88.0,61.0
-19.25725000000002,-14.413625000000017,-14.008500000000017,-11.188250000000014,-7.97337500000001,-6.746625000000009,-3.7515000000000045,-0.6147500000000006,0.8108750000000009,4.478750000000005,6.614250000000008,9.02012500000001,12.146000000000013,14.978437500000018,16.804937500000023,19.63731250000002,22.292312500000023,25.167437500000034,26.586625000000037,28.621937500000037,31.642062500000037,35.44550000000005,38.059437500000044,39.45518750000005,42.23375000000006,44.99175000000006,46.66181250000007,48.95300000000007,51.44287500000007,55.458312500000076,58.15437500000009,60.81106250000009,62.69268750000009,64.29493750000007,66.70787500000009,68.52187500000011
65.0,115.0,109.0,107.0,108.0,106.0,112.0,117.0,112.0,113.0,111.0,109.0,112.0,110.0,110.0,112.0,113.0,115.0,106.0,105.0,112.0,110.0,106.0,110.0,114.0,110.0,107.0,108.0,107.0,111.0,109.0,109.0,113.0,111.0,105.0,79.0
82.77356250000012,87.82118750000014,89.47731250000014,91.23225000000015,94.93400000000014,97.58012500000015,100.26825000000015,103.54475000000016,105.13243750000017,106.78656250000016,110.36287500000014,111.85200000000017,116.28968750000017,117.74350000000018,120.23675000000017,122.45181250000017,126.58456250000019,129.9535000000002,131.91543750000017,133.0095625000002,136.1569375000002,139.6566875000002,141.88031250000017,144.4866875000002,147.10112500000022,148.8518750000002,151.5420625000002,154.5525625000002,157.44287500000019,160.6463125000002,164.54612500000022,165.0152500000002,167.4583750000002,171.58706250000023,174.78681250000022,175.4128750000002
66.0,110.0,118.0,114.0,106.0,108.0,110.0,107.0,109.0,110.0,109.0,107.0,113.0,108.0,110.0,110.0,106.0,107.0,112.0,116.0,107.0,106.0,109.0,110.0,109.0,108.0,107.0,108.0,110.0,109.0,114.0,106.0,104.0,101.0,103.0,93.0
78.6631875000001,84.67381250000014,85.51818750000014,88.68856250000015,91.78625000000015,96.23631250000015,97.80306250000014,102.38631250000016,105.14825000000016,109.24737500000018,112.07656250000018,113.36931250000016,116.58187500000017,121.54987500000018,123.97406250000016,126.07793750000017,131.7777500000002,133.4493125000002,136.8165625000002,140.7046875000002,143.83568750000018,145.37075000000019,149.6311250000002,153.1689375000002,156.24043750000016,157.62718750000022,162.07918750000022,165.2266250000002,168.8901250000002,171.89150000000024,173.73131250000023,178.5511875000002,182.4602500000002,183.37725000000023,185.9743750000002,188.87137500000026
51.0,120.0,117.0,116.0,116.0,115.0,113.0,118.0,117.0,121.0,124.0,116.0,120.0,121.0,119.0,118.0,127.0,130.0,126.0,121.0,118.0,118.0,117.0,121.0,125.0,120.0,119.0,120.0,117.0,122.0,120.0,119.0,126.0,126.0,115.0,91.0
-90.59718750000012,-87.30218750000013,-82.89131250000013,-80.7288750000001,-77.1370625000001,-74.0848750000001,-72.10118750000011,-68.14068750000008,-63.66325000000008,-62.29556250000009,-59.28837500000007,-54.31381250000008,-52.44962500000007,-49.33550000000007,-47.327000000000055,-43.67312500000004,-40.29512500000004,-35.45587500000005,-33.69750000000004,-32.213875000000044,-27.91750000000003,-25.11293750000003,-22.295812500000025,-17.390187500000025,-13.944250000000018,-12.298125000000017,-8.88668750000001,-7.209187500000009,-4.167062500000005,-0.7628750000000006,1.7224375000000016,5.998750000000008,9.83993750000001,11.382062500000012,13.917187500000015,16.84125000000002
120.0,171.0,173.0,168.0,170.0,169.0,171.0,167.0,176.0,173.0,171.0,167.0,169.0,170.0,164.0,174.0,172.0,183.0,194.0,178.0,173.0,167.0,172.0,170.0,172.0,173.0,170.0,170.0,172.0,171.0,169.0,163.0,158.0,152.0,133.0,105.0
51.17431250000007,54.18650000000008,60.10793750000009,61.03881250000009,63.89168750000009,66.7821875000001,69.74037500000011,74.67156250000009,75.62037500000011,78.66562500000009,83.75537500000013,84.80587500000013,87.77968750000015,90.89543750000014,95.04031250000014,98.14950000000016,101.26481250000016,105.23850000000016,106.50968750000015,110.67187500000017,112.05850000000018,114.89975000000017,120.04856250000019,123.22306250000015,124.12237500000018,129.28018750000018,130.1530000000002,134.18825000000015,136.21881250000018,141.33375000000018,144.2195000000002,147.17550000000017,148.8958125000002,151.60643750000014,154.38012500000022,157.30518750000022
112.0,159.0,159.0,158.0,160.0,161.0,160.0,163.0,173.0,169.0,166.0,160.0,167.0,163.0,161.0,155.0,159.0,161.0,165.0,159.0,164.0,165.0,165.0,158.0,162.0,166.0,165.0,168.0,159.0,159.0,161.0,164.0,169.0,164.0,161.0,94.0
-86.22993750000012,-76.53418750000013,-71.84693750000011,-68.3803750000001,-63.49768750000008,-55.77350000000008,-51.58225000000007,-44.586000000000055,-36.854750000000045,-35.27300000000004,-31.32281250000004,-21.923000000000023,-15.202375000000018,-11.454375000000017,-7.29593750000001,-3.8000000000000043,2.6043750000000028,11.032312500000012,17.506812500000024,18.19293750000002,28.78437500000004,30.52825000000004,36.91206250000006,41.69250000000006,49.47493750000007,53.84700000000009,56.67175000000009,65.28737500000008,68.79800000000009,77.80306250000011,83.68893750000014,85.25368750000014,91.05900000000014,96.60568750000014,100.95468750000016,104.96131250000015
112.0,157.0,146.0,150.0,149.0,155.0,159.0,153.0,156.0,150.0,155.0,152.0,152.0,153.0,156.0,161.0,154.0,151.0,177.0,164.0,156.0,156.0,155.0,153.0,154.0,161.0,156.0,154.0,153.0,154.0,157.0,155.0,151.0,152.0,149.0,107.0
-149.7405000000002,-144.2701250000002,-139.82675000000017,-137.0847500000002,-134.8930625000002,-127.89706250000017,-124.76868750000018,-121.80768750000017,-119.11150000000018,-115.16550000000018,-111.81487500000017,-109.40037500000017,-103.77237500000012,-102.13681250000012,-96.26925000000011,-94.99262500000012,-88.06206250000012,-87.46612500000012,-81.13668750000012,-78.92600000000012,-74.83787500000011,-70.5677500000001,-67.4335625000001,-65.36387500000009,-61.13381250000009,-57.082125000000076,-52.13918750000006,-50.08375000000007,-46.351625000000055,-42.85212500000004,-40.57975000000005,-35.04306250000005,-32.23118750000003,-29.332125000000037,-25.375375000000027,-22.420125000000024
136.0,164.0,161.0,157.0,161.0,162.0,160.0,165.0,160.0,168.0,165.0,160.0,163.0,167.0,164.0,161.0,178.0,183.0,172.0,167.0,170.0,166.0,161.0,161.0,166.0,168.0,160.0,163.0,167.0,162.0,162.0,160.0,159.0,145.0,122.0,99.0
-79.49118750000012,-74.37618750000011,-73.2255000000001,-68.63968750000011,-66.53862500000011,-63.25831250000009,-61.16243750000008,-56.162062500000076,-53.69431250000008,-51.529937500000074,-47.89393750000005,-45.67512500000005,-40.84918750000004,-38.015250000000044,-36.596625000000046,-31.47337500000004,-30.094312500000036,-28.14993750000003,-24.387875000000026,-22.165500000000023,-18.87350000000002,-14.401000000000018,-10.855125000000015,-7.411062500000009,-5.657500000000006,-1.5278750000000016,1.4845000000000015,2.859250000000003,6.503000000000008,8.78368750000001,11.083687500000012,15.743250000000021,19.137187500000024,20.281812500000022,23.892312500000024,26.11943750000004
140.0,165.0,171.0,169.0,168.0,176.0,170.0,171.0,174.0,175.0,172.0,171.0,170.0,179.0,175.0,205.0,202.0,187.0,176.0,174.0,181.0,174.0,173.0,174.0,180.0,175.0,173.0,174.0,169.0,180.0,174.0,169.0,178.0,161.0,120.0,103.0
-22.394000000000027,-17.66806250000002,-14.630500000000017,-10.158312500000013,-6.87331250000001,-2.799375000000003,-1.847500000000002,4.218125000000005,6.063312500000007,10.04462500000001,12.813312500000015,15.91850000000002,19.300750000000022,22.716125000000027,27.584812500000034,31.66718750000004,33.902062500000056,35.61256250000005,39.43643750000005,43.58218750000006,46.16281250000006,50.09831250000006,55.648500000000084,56.53712500000009,61.65850000000009,66.16325000000009,67.3825000000001,72.25143750000011,73.83075000000011,78.82556250000012,82.54143750000013,84.69531250000014,88.31231250000015,90.09600000000015,93.67062500000014,96.79406250000015
109.0,150.0,159.0,159.0,161.0,166.0,165.0,163.0,160.0,163.0,164.0,167.0,161.0,167.0,160.0,174.0,186.0,180.0,161.0,157.0,158.0,156.0,160.0,158.0,165.0,158.0,156.0,157.0,161.0,161.0,154.0,152.0,164.0,157.0,119.0,87.0
-5.124750000000006,-1.144000000000001,3.203625000000004,6.066375000000008,8.47531250000001,11.805500000000013,16.30331250000002,17.07300000000002,22.428687500000024,25.625000000000036,26.739875000000037,31.10768750000004,34.03093750000005,37.02043750000004,40.56687500000005,43.753875000000065,46.81987500000007,48.54787500000006,52.09031250000007,55.79662500000009,59.90881250000008,62.801812500000096,66.3745625000001,69.0983125000001,72.2770000000001,76.43281250000011,77.81250000000011,80.31012500000011,85.22362500000014,87.10175000000014,91.41506250000013,94.72387500000013,98.10356250000014,98.79000000000016,102.02706250000016,104.73081250000014
104.0,168.0,156.0,155.0,157.0,162.0,156.0,160.0,162.0,161.0,164.0,165.0,163.0,166.0,162.0,172.0,190.0,183.0,163.0,163.0,157.0,162.0,164.0,166.0,165.0,166.0,170.0,161.0,170.0,166.0,160.0,165.0,169.0,176.0,128.0,89.0
-115.66168750000018,-112.97243750000017,-109.04893750000016,-106.43643750000014,-102.14256250000012,-99.84818750000012,-96.88356250000012,-93.79887500000012,-91.53987500000011,-90.7118750000001,-87.1758750000001,-84.07106250000011,-82.0137500000001,-77.93943750000011,-74.6205000000001,-71.6318125000001,-69.3826875000001,-68.1136875000001,-63.06162500000008,-62.06200000000008,-59.81362500000007,-55.296062500000076,-51.819562500000075,-51.57425000000007,-47.19281250000006,-45.03350000000005,-42.897875000000056,-38.11775000000005,-37.22750000000005,-33.65943750000004,-31.29181250000004,-27.17200000000003,-26.12950000000003,-23.586312500000027,-20.56231250000002,-18.44243750000002
171.0,178.0,177.0,187.0,190.0,186.0,184.0,193.0,185.0,187.0,197.0,187.0,182.0,192.0,194.0,202.0,212.0,211.0,185.0,186.0,187.0,191.0,186.0,181.0,182.0,185.0,182.0,177.0,181.0,177.0,176.0,175.0,187.0,146.0,105.0,74.0
-120.06487500000017,-116.49393750000017,-113.15025000000017,-108.92700000000016,-107.91968750000017,-104.64256250000012,-101.95756250000012,-99.84937500000012,-96.83912500000014,-92.98793750000013,-89.86437500000011,-88.33343750000012,-85.69018750000014,-83.00737500000011,-78.34368750000012,-75.88437500000012,-72.64781250000011,-71.9068125000001,-68.9851875000001,-65.27106250000008,-64.0221875000001,-60.839375000000075,-56.60993750000007,-55.29625000000007,-51.242437500000065,-48.51975000000005,-47.056000000000054,-43.93906250000005,-40.15712500000005,-38.56887500000005,-34.219062500000035,-32.008937500000044,-30.354812500000037,-27.56150000000003,-24.719437500000026,-22.164000000000023
126.0,161.0,156.0,157.0,150.0,155.0,153.0,155.0,163.0,158.0,160.0,152.0,154.0,156.0,156.0,159.0,183.0,181.0,163.0,163.0,162.0,160.0,156.0,158.0,160.0,160.0,158.0,155.0,155.0,153.0,163.0,153.0,156.0,158.0,131.0,100.0
71.14450000000011,75.83643750000012,76.7206875000001,82.15925000000013,83.02987500000015,87.49575000000014,90.26631250000014,93.17856250000015,95.12112500000015,98.10550000000015,100.19231250000016,102.19893750000016,105.44056250000015,109.86662500000017,112.04000000000016,113.16206250000015,116.22568750000016,118.70906250000017,122.37325000000017,125.98068750000017,127.40762500000017,130.0613750000002,133.46900000000022,137.41400000000016,139.7660000000002,142.0272500000002,144.69037500000016,149.10050000000018,151.66818750000016,154.3810000000002,155.78456250000022,160.1539375000002,160.95637500000018,163.9532500000002,166.23181250000022,168.68943750000022
101.0,186.0,176.0,182.0,183.0,194.0,205.0,196.0,188.0,183.0,177.0,179.0,177.0,174.0,178.0,190.0,190.0,182.0,163.0,163.0,169.0,165.0,169.0,162.0,160.0,169.0,161.0,165.0,165.0,159.0,157.0,156.0,155.0,158.0,147.0,116.0
83.52087500000013,87.24418750000015,91.06812500000015,95.58400000000015,96.86618750000015,101.99700000000016,103.44612500000014,107.01506250000016,112.34687500000015,115.75775000000016,119.00287500000016,120.47306250000015,123.41468750000017,128.62818750000014,132.19087500000018,134.91775000000018,138.04693750000018,142.3353125000002,145.1451875000002,147.25062500000018,151.99218750000017,155.88650000000018,157.17293750000022,161.6523750000002,164.21325000000024,169.6120625000002,171.77850000000018,174.27137500000023,177.9261250000002,180.17506250000025,186.6641250000002,188.62781250000023,190.58600000000024,196.24218750000023,197.0813125000003,199.72218750000025
106.0,163.0,167.0,163.0,171.0,175.0,174.0,179.0,176.0,174.0,174.0,180.0,177.0,172.0,173.0,178.0,180.0,180.0,192.0,188.0,171.0,177.0,176.0,174.0,172.0,179.0,172.0,175.0,173.0,178.0,180.0,175.0,175.0,175.0,181.0,122.0
65.8947500000001,70.9423125000001,73.5301875000001,79.52368750000011,82.79731250000013,86.39550000000014,91.65518750000014,93.26512500000013,96.52431250000015,100.73843750000016,104.74312500000013,107.60212500000014,113.52018750000016,118.19050000000018,120.36468750000016,124.48450000000017,127.23850000000019,133.2366875000002,135.47087500000018,137.1771250000002,142.4340625000002,146.44531250000023,151.2651875000002,155.14600000000019,156.9231875000002,163.0246250000002,164.93168750000018,169.29018750000017,172.4256875000002,175.09781250000026,179.3013750000002,184.8735000000002,186.66268750000023,192.41818750000022,194.36381250000022,196.77881250000024
95.0,163.0,158.0,165.0,167.0,169.0,175.0,170.0,174.0,168.0,178.0,176.0,177.0,168.0,173.0,176.0,178.0,203.0,204.0,175.0,172.0,168.0,171.0,169.0,170.0,174.0,167.0,171.0,176.0,163.0,177.0,172.0,164.0,164.0,159.0,110.0
-75.4768125000001,-69.99368750000009,-69.4898125000001,-65.51937500000008,-60.85850000000008,-59.238375000000076,-55.07900000000008,-52.56575000000007,-51.29562500000007,-46.891312500000055,-43.69200000000005,-40.76293750000005,-38.05437500000005,-36.606875000000045,-32.80606250000004,-28.549312500000028,-25.651375000000026,-24.502812500000026,-21.624312500000023,-17.608687500000023,-15.428437500000017,-11.814562500000015,-8.03262500000001,-6.588187500000009,-1.4796875000000016,-0.7477500000000006,4.759500000000006,7.361875000000008,8.67537500000001,11.314437500000013,15.737375000000021,18.646437500000026,20.861312500000025,23.179750000000027,26.008500000000033,28.818562500000034
134.0,173.0,180.0,174.0,189.0,187.0,179.0,183.0,186.0,185.0,183.0,184.0,183.0,181.0,182.0,193.0,212.0,209.0,178.0,172.0,174.0,178.0,178.0,179.0,187.0,179.0,176.0,174.0,173.0,170.0,173.0,163.0,162.0,151.0,115.0,107.0
-111.66181250000015,-108.83831250000016,-105.49643750000014,-102.63362500000014,-99.89987500000012,-96.38018750000013,-94.86337500000013,-91.59637500000014,-88.56868750000011,-85.41806250000012,-83.49743750000012,-81.58556250000011,-78.51531250000012,-76.44993750000012,-72.5520625000001,-70.1790625000001,-67.2530625000001,-65.23137500000007,-61.982437500000074,-60.17062500000007,-55.26737500000007,-52.58931250000008,-50.30181250000008,-46.86018750000005,-44.71950000000005,-43.10937500000006,-38.872437500000046,-37.96187500000005,-33.51887500000005,-31.796187500000045,-30.123687500000038,-26.16275000000003,-24.307187500000026,-22.376125000000027,-19.184875000000023,-16.746562500000017
129.0,152.0,150.0,149.0,148.0,147.0,147.0,146.0,148.0,150.0,152.0,145.0,144.0,147.0,147.0,153.0,165.0,166.0,154.0,149.0,155.0,152.0,151.0,159.0,153.0,151.0,158.0,153.0,151.0,147.0,151.0,150.0,146.0,128.0,114.0,97.0
-179.8474375000003,-175.11425000000025,-173.53143750000027,-171.48562500000028,-168.58500000000026,-166.70600000000024,-162.92350000000022,-161.52343750000023,-159.3042500000002,-156.7905625000002,-153.1200625000002,-151.04750000000018,-148.12781250000023,-146.6616250000002,-143.4748750000002,-140.78662500000019,-138.9630000000002,-136.0471250000002,-133.65337500000018,-130.4077500000002,-129.20612500000018,-124.97650000000019,-122.88931250000017,-121.89375000000018,-117.72325000000018,-116.10693750000017,-113.22762500000016,-109.52818750000019,-109.17312500000017,-105.84550000000013,-102.80637500000014,-101.67356250000013,-98.04387500000013,-96.71887500000011,-93.07512500000013,-91.61956250000013
165.0,161.0,158.0,157.0,159.0,158.0,155.0,163.0,159.0,159.0,157.0,153.0,160.0,156.0,159.0,159.0,159.0,162.0,157.0,153.0,155.0,162.0,156.0,155.0,159.0,160.0,159.0,155.0,155.0,157.0,161.0,159.0,166.0,153.0,114.0,100.0
-132.8256250000002,-125.92725000000019,-124.94662500000018,-119.57025000000019,-116.61318750000017,-113.27056250000017,-109.90725000000018,-106.17768750000015,-103.74987500000012,-99.07637500000013,-95.63362500000014,-89.73581250000011,-86.79918750000012,-83.86943750000012,-81.90718750000012,-77.83637500000012,-72.5318750000001,-70.4931875000001,-66.84381250000008,-63.32437500000009,-57.90937500000008,-54.700562500000075,-50.672875000000076,-49.82337500000007,-43.448375000000055,-42.24781250000005,-39.12093750000005,-33.00156250000005,-30.00343750000004,-28.01018750000003,-24.595500000000026,-18.784187500000023,-15.027187500000018,-11.788250000000016,-10.349562500000014,-6.882312500000008
117.0,150.0,151.0,155.0,156.0,153.0,152.0,154.0,153.0,154.0,158.0,154.0,156.0,152.0,157.0,164.0,188.0,195.0,168.0,171.0,163.0,165.0,168.0,163.0,164.0,158.0,161.0,166.0,159.0,165.0,160.0,165.0,159.0,146.0,132.0,107.0
-128.00368750000018,-125.11387500000018,-122.23443750000017,-117.70675000000017,-115.63875000000016,-114.78112500000017,-110.69868750000016,-108.43668750000016,-105.85800000000013,-101.56825000000015,-99.91812500000015,-98.56450000000012,-94.33306250000012,-91.00156250000012,-89.69718750000011,-85.50418750000013,-84.54468750000011,-82.50331250000012,-78.29687500000011,-75.48775000000012,-73.18118750000012,-69.3253750000001,-68.27387500000009,-66.2928125000001,-63.31800000000008,-59.36912500000008,-57.349000000000075,-54.424062500000076,-52.48087500000007,-49.26562500000007,-46.00868750000005,-43.216750000000054,-41.58712500000004,-39.207250000000045,-36.85843750000005,-34.04281250000005
146.0,164.0,161.0,164.0,165.0,164.0,171.0,167.0,167.0,165.0,169.0,170.0,170.0,173.0,170.0,181.0,189.0,172.0,163.0,160.0,159.0,162.0,167.0,165.0,167.0,165.0,167.0,164.0,168.0,161.0,163.0,161.0,164.0,154.0,119.0,104.0
-181.5856875000003,-178.04593750000026,-175.38087500000032,-172.69462500000026,-172.2120625000003,-168.77006250000028,-167.6146875000003,-164.87700000000024,-163.30062500000022,-159.48306250000024,-157.3663750000002,-156.64206250000024,-153.93506250000024,-151.0830625000002,-150.3498750000002,-146.19081250000022,-145.5175000000002,-143.49856250000016,-141.50481250000024,-139.3357500000002,-136.1804375000002,-133.52925000000022,-132.2040625000002,-129.69062500000018,-128.06006250000019,-125.36937500000019,-124.01618750000019,-120.09525000000016,-119.88131250000016,-116.88650000000018,-115.06887500000016,-112.17693750000016,-110.05331250000016,-109.12656250000016,-106.62387500000014,-104.84918750000013
154.0,189.0,180.0,187.0,182.0,182.0,180.0,186.0,187.0,190.0,183.0,186.0,181.0,182.0,180.0,198.0,205.0,194.0,186.0,180.0,189.0,188.0,191.0,181.0,192.0,190.0,188.0,184.0,182.0,182.0,179.0,184.0,187.0,178.0,121.0,113.0
86.43687500000013,91.92137500000015,92.38825000000016,96.00375000000014,98.19106250000014,103.81493750000014,105.25900000000016,107.02250000000015,112.00750000000016,113.80556250000016,117.44250000000017,119.19525000000017,122.35637500000018,125.18993750000017,129.76712500000016,132.81962500000017,134.5455625000002,137.9208750000002,139.2950000000002,142.22787500000018,145.9270000000002,148.19643750000017,152.7097500000002,154.45700000000022,157.8237500000002,160.5825000000002,164.2001875000002,166.6586250000002,168.37012500000023,171.41856250000023,174.89381250000025,179.15206250000023,182.47631250000023,184.48056250000025,186.28162500000022,188.5158125000002
100.0,171.0,174.0,157.0,168.0,166.0,165.0,162.0,166.0,166.0,165.0,164.0,169.0,162.0,166.0,166.0,177.0,196.0,197.0,169.0,168.0,171.0,164.0,171.0,173.0,172.0,174.0,169.0,166.0,167.0,167.0,172.0,168.0,166.0,171.0,126.0
3.979687500000005,9.98775000000001,15.37162500000002,21.667437500000027,23.901312500000024,31.34750000000004,35.26881250000005,39.27212500000006,43.13237500000005,50.07068750000006,55.065312500000076,57.05812500000009,64.6424375000001,68.25475000000009,74.40043750000011,77.16812500000009,82.01950000000014,88.35862500000013,88.76425000000015,93.49387500000014,100.78137500000017,106.59781250000016,108.45412500000015,113.42687500000017,116.86943750000016,122.00150000000016,128.0863125000002,132.98275000000018,137.03043750000018,141.94737500000016,146.3136250000002,150.1003125000002,155.2076250000002,159.29543750000016,163.7987500000002,168.48043750000016
140.0,187.0,181.0,191.0,185.0,192.0,188.0,188.0,188.0,193.0,191.0,190.0,194.0,193.0,194.0,191.0,195.0,231.0,241.0,195.0,187.0,187.0,183.0,182.0,194.0,179.0,187.0,181.0,188.0,187.0,189.0,180.0,181.0,179.0,156.0,104.0
-167.96756250000027,-163.87187500000024,-161.6550625000002,-159.38887500000024,-155.6261250000002,-154.13062500000018,-151.16831250000018,-148.94118750000018,-146.23312500000023,-143.61856250000017,-140.17356250000023,-137.67025000000018,-136.2194375000002,-131.74381250000022,-128.5874375000002,-127.53175000000019,-123.70668750000017,-120.91937500000017,-119.92843750000019,-116.35612500000019,-114.36456250000016,-111.90068750000016,-108.04025000000016,-105.95893750000013,-102.94018750000014,-100.98431250000014,-98.06550000000013,-94.79037500000013,-92.67100000000012,-89.79825000000014,-87.57756250000011,-85.18312500000013,-83.47556250000011,-80.59487500000012,-76.03387500000011,-75.6609375000001
104.0,148.0,142.0,145.0,148.0,148.0,144.0,145.0,145.0,143.0,144.0,140.0,147.0,147.0,154.0,147.0,154.0,153.0,147.0,146.0,146.0,148.0,152.0,143.0,147.0,147.0,146.0,141.0,150.0,148.0,141.0,142.0,138.0,101.0,92.0,82.0
-111.32193750000017,-107.16368750000017,-104.05768750000014,-101.65837500000012,-100.57250000000013,-97.97275000000013,-96.07068750000012,-92.58925000000013,-90.05275000000012,-88.56956250000012,-87.07331250000011,-83.52537500000011,-80.46700000000011,-79.7972500000001,-77.84800000000011,-74.4000625000001,-72.7620625000001,-70.3093125000001,-67.9229375000001,-65.51656250000009,-63.372437500000075,-60.78418750000007,-58.91037500000007,-56.64368750000007,-52.225062500000064,-50.37012500000007,-48.53281250000006,-46.35525000000005,-43.909125000000046,-41.06887500000005,-39.44050000000004,-36.50875000000004,-35.203000000000046,-32.974625000000046,-29.830875000000038,-28.79581250000004
93.0,114.0,115.0,113.0,111.0,115.0,117.0,120.0,116.0,113.0,116.0,114.0,116.0,111.0,117.0,117.0,116.0,115.0,118.0,122.0,121.0,116.0,121.0,119.0,114.0,123.0,125.0,119.0,120.0,120.0,122.0,122.0,124.0,111.0,96.0,75.0
-136.6943750000002,-133.68393750000018,-129.3156875000002,-126.04787500000018,-123.26431250000017,-120.95943750000018,-119.28718750000017,-117.01237500000016,-113.10187500000018,-109.17925000000017,-107.28706250000016,-104.43381250000014,-100.49693750000013,-99.53831250000015,-94.76712500000014,-91.82300000000012,-90.96781250000011,-86.97000000000013,-84.8650625000001,-80.9582500000001,-79.89568750000011,-76.88337500000011,-73.8465625000001,-69.0109375000001,-68.5370000000001,-64.46700000000008,-62.36750000000008,-57.56125000000008,-55.39737500000008,-53.11331250000008,-49.46825000000007,-47.91618750000005,-45.71531250000005,-42.395562500000054,-39.20043750000005,-37.78400000000005
166.0,173.0,171.0,168.0,170.0,174.0,176.0,178.0,177.0,178.0,175.0,180.0,177.0,177.0,192.0,196.0,185.0,181.0,176.0,178.0,174.0,176.0,183.0,174.0,178.0,175.0,171.0,172.0,165.0,173.0,176.0,182.0,159.0,114.0,86.0,71.0
65.3804375000001,70.1976875000001,73.74543750000011,79.71868750000012,84.43575000000014,85.31756250000014,90.41625000000015,94.05781250000014,96.30181250000014,102.60306250000015,103.90118750000016,109.22312500000015,113.67631250000017,118.10843750000016,121.60350000000017,124.32412500000018,128.18268750000016,130.6571875000002,137.8857500000002,138.12018750000016,143.8128750000002,149.0556250000002,149.8548125000002,155.5547500000002,160.4956875000002,162.6723125000002,167.97262500000022,169.2268750000002,175.52637500000023,179.32281250000023,182.8645000000002,187.34512500000025,190.22987500000025,192.51193750000022,195.58625000000023,198.94156250000032
84.0,145.0,138.0,139.0,153.0,148.0,151.0,151.0,150.0,149.0,150.0,151.0,147.0,152.0,149.0,149.0,150.0,155.0,160.0,164.0,147.0,153.0,149.0,149.0,151.0,151.0,148.0,148.0,149.0,148.0,145.0,150.0,141.0,148.0,148.0,101.0
-201.92793750000027,-196.3834375000003,-194.40881250000035,-188.2004375000003,-185.44893750000028,-182.71893750000027,-178.0365625000003,-174.30606250000028,-173.41000000000025,-168.25112500000026,-165.38668750000028,-160.47931250000022,-159.05056250000018,-153.23543750000022,-148.5928125000002,-148.2323125000002,-143.0418750000002,-139.02593750000017,-137.24525000000017,-132.51200000000017,-128.68618750000013,-126.05050000000017,-120.34012500000017,-119.65818750000018,-116.25225000000017,-112.26312500000017,-106.51381250000016,-103.10112500000014,-100.41618750000013,-97.48762500000012,-93.22625000000014,-90.61050000000012,-87.68218750000013,-81.8033750000001,-80.43768750000011,-77.2396250000001
154.0,178.0,180.0,183.0,180.0,186.0,181.0,181.0,183.0,182.0,194.0,181.0,192.0,184.0,187.0,190.0,201.0,225.0,213.0,188.0,195.0,187.0,182.0,181.0,178.0,187.0,181.0,184.0,186.0,192.0,186.0,185.0,183.0,189.0,187.0,124.0
13.722687500000015,18.00962500000002,22.818750000000026,25.89493750000004,30.06062500000004,34.99662500000005,38.95600000000005,43.644937500000054,48.59181250000006,52.366187500000066,55.18712500000008,57.05368750000008,61.69687500000009,66.29706250000008,69.59875000000011,74.7905000000001,80.00737500000011,83.77850000000015,84.19137500000014,88.06262500000014,92.43881250000014,98.45868750000015,100.00050000000016,106.98675000000017,109.79268750000016,113.57225000000017,115.69950000000017,122.45856250000018,125.29025000000017,129.00250000000017,132.62612500000014,135.1164375000002,142.21043750000018,143.51168750000016,147.2203125000002,150.43781250000023
113.0,163.0,164.0,152.0,162.0,164.0,165.0,161.0,162.0,160.0,159.0,156.0,166.0,159.0,161.0,165.0,171.0,184.0,195.0,165.0,161.0,170.0,163.0,165.0,164.0,163.0,161.0,169.0,163.0,163.0,162.0,162.0,156.0,168.0,142.0,106.0
-234.80237500000032,-229.9934375000003,-223.37768750000032,-216.3000625000003,-212.2724375000003,-205.4878750000003,-200.9911875000003,-196.4320625000003,-189.22125000000028,-185.7761250000003,-180.96875000000028,-174.1610625000003,-170.4464375000003,-162.9168750000002,-159.9424375000002,-151.68287500000022,-145.0511250000002,-144.2752500000002,-138.3994375000002,-133.44331250000022,-128.03850000000017,-118.82637500000018,-113.15206250000017,-107.79318750000017,-102.06056250000013,-101.53968750000014,-96.33831250000013,-88.90912500000013,-82.13743750000012,-80.18525000000011,-71.2730625000001,-65.8168125000001,-63.334687500000086,-54.063500000000076,-53.20693750000008,-49.062750000000065
187.0,183.0,172.0,172.0,181.0,170.0,174.0,170.0,178.0,173.0,178.0,175.0,176.0,176.0,176.0,181.0,227.0,206.0,179.0,169.0,173.0,179.0,174.0,168.0,179.0,178.0,174.0,165.0,168.0,173.0,173.0,164.0,161.0,193.0,178.0,96.0
70.13312500000009,75.12468750000009,76.2180000000001,78.08800000000011,82.28668750000013,84.55000000000013,86.28612500000014,88.73806250000014,91.87075000000016,93.99481250000015,95.90550000000016,99.85393750000016,100.78387500000017,104.88175000000015,107.54218750000015,110.11118750000016,112.50568750000016,113.04056250000018,115.65262500000017,118.84381250000017,121.01193750000017,123.59612500000017,125.58362500000018,130.1938750000002,131.54156250000023,133.49787500000016,137.43281250000018,139.4635625000002,142.35856250000018,143.61750000000018,146.3926250000002,149.30537500000023,152.72812500000018,155.0346250000002,156.0113125000002,158.1905000000002
124.0,221.0,214.0,205.0,201.0,199.0,209.0,204.0,205.0,204.0,206.0,220.0,208.0,212.0,206.0,217.0,247.0,255.0,218.0,222.0,206.0,199.0,202.0,205.0,204.0,210.0,211.0,205.0,203.0,207.0,212.0,202.0,205.0,230.0,222.0,158.0
76.71500000000009,82.04100000000011,84.97293750000013,87.25925000000014,93.19362500000014,95.20050000000015,98.81156250000016,101.84800000000016,104.12575000000015,108.51075000000017,110.53812500000015,114.66050000000018,116.82562500000017,122.09950000000018,126.42337500000019,129.7110625000002,131.99737500000018,135.0620625000002,137.20893750000022,140.89025000000015,145.88737500000022,147.93643750000018,151.95950000000022,154.74806250000023,158.9318125000002,163.05156250000022,164.22300000000024,167.14318750000018,170.17825000000022,173.3901250000002,178.76625000000018,182.0266875000002,185.39156250000025,189.16818750000022,189.86393750000025,193.00656250000026
111.0,150.0,155.0,154.0,162.0,160.0,158.0,162.0,160.0,161.0,162.0,157.0,157.0,164.0,162.0,176.0,181.0,164.0,163.0,165.0,162.0,166.0,163.0,168.0,161.0,157.0,161.0,160.0,164.0,160.0,158.0,156.0,152.0,156.0,147.0,106.0
-104.70350000000013,-97.48525000000012,-95.87143750000013,-91.76293750000012,-87.1098750000001,-84.5077500000001,-80.08387500000012,-73.9787500000001,-71.81856250000011,-64.73187500000009,-62.271625000000085,-59.74987500000009,-52.92981250000008,-51.54400000000007,-45.234437500000055,-40.99668750000005,-36.979500000000044,-35.933500000000045,-30.98693750000004,-25.282062500000023,-21.28306250000002,-19.115187500000026,-16.256187500000017,-12.119250000000015,-7.6011250000000095,-3.012062500000003,0.18037500000000012,5.515562500000007,8.24193750000001,12.770562500000013,19.557875000000024,19.986062500000024,24.818750000000037,30.98243750000004,32.15331250000004,35.94200000000006
108.0,142.0,150.0,148.0,151.0,146.0,147.0,149.0,146.0,152.0,148.0,149.0,152.0,151.0,145.0,152.0,167.0,174.0,162.0,147.0,147.0,147.0,148.0,144.0,144.0,141.0,156.0,145.0,151.0,144.0,148.0,143.0,145.0,145.0,133.0,94.0
24.600187500000033,28.77312500000004,31.32793750000004,33.69612500000005,36.011375000000044,38.99418750000005,42.22818750000006,45.74350000000006,47.10337500000006,50.21593750000007,53.41131250000008,57.00825000000009,60.31993750000008,62.34887500000009,64.72943750000009,68.8551250000001,71.80762500000009,74.1316250000001,74.75475000000009,78.57625000000012,83.01493750000013,85.20968750000014,85.97206250000015,90.23356250000013,91.63912500000015,95.89806250000014,98.69868750000016,100.52412500000014,103.32350000000017,106.20043750000018,109.42750000000015,112.62225000000016,114.36125000000017,116.94012500000017,119.70956250000016,122.38981250000016
103.0,179.0,168.0,161.0,161.0,164.0,156.0,157.0,157.0,156.0,157.0,155.0,160.0,156.0,153.0,173.0,167.0,174.0,153.0,142.0,143.0,142.0,145.0,147.0,140.0,147.0,147.0,138.0,143.0,140.0,143.0,138.0,135.0,145.0,112.0,87.0
59.99737500000009,65.95293750000009,67.5902500000001,72.8457500000001,76.75356250000011,79.94350000000011,83.74706250000013,89.40162500000014,92.65231250000015,95.08181250000014,97.78862500000017,102.67718750000014,107.01868750000015,108.75056250000016,113.26600000000016,118.85318750000016,122.22068750000018,123.53206250000018,127.74468750000018,133.83893750000016,136.90006250000022,140.35362500000016,142.51781250000022,147.78575000000018,150.88725000000022,153.0732500000002,158.3840625000002,163.87525000000022,164.99662500000022,171.20712500000022,173.24168750000018,176.19956250000024,181.33200000000022,185.53537500000024,188.02343750000023,190.3154375000002
86.0,176.0,167.0,161.0,172.0,175.0,168.0,174.0,166.0,171.0,167.0,166.0,168.0,167.0,169.0,174.0,192.0,184.0,153.0,152.0,149.0,151.0,156.0,161.0,151.0,150.0,154.0,150.0,149.0,150.0,152.0,147.0,151.0,154.0,146.0,95.0
-5.0982500000000055,-0.7204375000000006,3.5528125000000044,9.505375000000011,10.920437500000011,15.27856250000002,17.42831250000002,21.755875000000028,28.07650000000004,32.032937500000045,35.24181250000005,38.592437500000045,42.49056250000007,45.91568750000006,48.049937500000055,54.58125000000008,58.57987500000009,58.93231250000008,63.112625000000094,69.5498125000001,71.18406250000008,74.23200000000011,78.0558125000001,83.70375000000014,88.32212500000014,91.63375000000015,95.97175000000016,98.17862500000015,103.19050000000016,104.47175000000016,111.25400000000016,111.63643750000016,118.85518750000017,120.46837500000018,122.88275000000016,127.04743750000019
101.0,166.0,152.0,154.0,160.0,166.0,161.0,163.0,157.0,163.0,160.0,163.0,167.0,166.0,164.0,167.0,208.0,206.0,169.0,161.0,162.0,166.0,160.0,161.0,164.0,168.0,153.0,158.0,160.0,157.0,162.0,157.0,157.0,171.0,146.0,83.0
-195.9143750000003,-192.3259375000003,-188.79593750000026,-183.60337500000028,-182.08725000000027,-180.44287500000027,-174.5726250000003,-173.9892500000003,-169.90018750000024,-167.91675000000032,-164.98837500000027,-159.7298125000002,-157.6343750000002,-155.5049375000002,-152.64868750000022,-147.06831250000022,-144.9130625000002,-143.40543750000018,-138.32762500000018,-136.98793750000016,-134.27293750000018,-130.76187500000017,-125.80137500000018,-125.09393750000018,-120.20600000000017,-116.61918750000017,-115.96606250000018,-110.02337500000016,-109.75287500000016,-105.80893750000013,-101.37456250000012,-99.50968750000014,-97.40868750000011,-92.90187500000013,-91.14993750000012,-88.39125000000013
160.0,226.0,225.0,227.0,228.0,224.0,226.0,232.0,231.0,231.0,231.0,234.0,239.0,241.0,234.0,241.0,255.0,230.0,224.0,225.0,225.0,229.0,236.0,231.0,232.0,227.0,228.0,226.0,225.0,222.0,220.0,213.0,209.0,207.0,169.0,120.0
71.6163125000001,75.6241250000001,78.71818750000011,80.46287500000011,83.26312500000012,86.65200000000013,89.49625000000015,90.49625000000015,93.13875000000016,95.98137500000016,100.05325000000015,100.72493750000014,104.06525000000015,107.80731250000015,108.95318750000015,111.87706250000015,115.23800000000017,117.15893750000016,120.80193750000016,122.61625000000018,126.17131250000017,127.05487500000018,130.5246875000002,131.51893750000016,135.1488125000002,136.98743750000017,140.7292500000002,142.6433750000002,145.63943750000016,147.6218750000002,150.8182500000002,153.00731250000024,156.17875000000018,158.3836250000002,160.40850000000017,162.83293750000018
129.0,200.0,206.0,204.0,207.0,210.0,205.0,214.0,208.0,213.0,218.0,224.0,226.0,218.0,213.0,210.0,218.0,217.0,224.0,215.0,221.0,225.0,216.0,226.0,219.0,222.0,233.0,215.0,230.0,208.0,218.0,215.0,218.0,227.0,210.0,148.0
-125.55343750000019,-121.36831250000019,-115.46212500000019,-111.35181250000018,-108.66981250000016,-105.86831250000013,-102.55150000000013,-95.87350000000012,-92.96112500000012,-91.01612500000013,-84.26587500000011,-83.27725000000012,-77.47468750000012,-75.3588125000001,-72.3512500000001,-66.38443750000009,-64.59256250000008,-60.76293750000008,-57.490250000000074,-50.477437500000065,-47.17037500000005,-45.78631250000005,-41.54475000000005,-36.568187500000036,-34.08856250000004,-29.49506250000004,-27.581125000000032,-20.471625000000024,-16.588812500000017,-14.816500000000017,-12.548750000000016,-6.924062500000009,-4.795750000000005,2.1934375000000026,2.657625000000003,6.088187500000007
135.0,184.0,182.0,180.0,180.0,193.0,183.0,183.0,186.0,182.0,184.0,181.0,182.0,181.0,182.0,191.0,200.0,182.0,178.0,180.0,179.0,186.0,176.0,180.0,170.0,176.0,175.0,174.0,172.0,168.0,180.0,174.0,170.0,168.0,150.0,118.0
-41.39200000000005,-34.87993750000004,-31.377437500000042,-28.57118750000003,-25.752375000000026,-22.197875000000025,-18.65387500000002,-14.363125000000018,-12.980937500000016,-9.29943750000001,-4.283125000000005,-2.065812500000002,0.16362500000000013,3.862000000000005,8.22975000000001,12.865687500000012,15.95500000000002,16.75450000000002,22.066375000000026,24.332500000000024,28.02893750000004,33.401937500000045,33.97518750000005,39.04581250000005,42.65843750000005,46.30631250000006,50.199125000000066,51.28368750000007,55.14212500000009,59.77025000000009,61.12943750000008,66.7983125000001,70.0568750000001,71.19575000000009,74.5068125000001,77.69425000000011
161.0,195.0,192.0,193.0,193.0,199.0,194.0,201.0,197.0,196.0,198.0,196.0,201.0,195.0,196.0,204.0,235.0,216.0,199.0,196.0,194.0,198.0,201.0,195.0,197.0,198.0,207.0,194.0,195.0,191.0,195.0,197.0,193.0,194.0,150.0,112.0
-0.7499375000000006,2.4255625000000025,5.268750000000007,8.267437500000009,9.960875000000012,11.660375000000013,15.51368750000002,17.87018750000002,20.942625000000024,22.185562500000024,24.783625000000033,27.242125000000037,30.63293750000004,32.008312500000045,33.877875000000046,37.605187500000056,40.20112500000006,41.23606250000006,44.28868750000005,47.557375000000064,50.30725000000007,52.065812500000064,54.80550000000008,56.15856250000009,57.94275000000009,60.23131250000009,64.2160000000001,65.59612500000009,68.69981250000009,71.3621875000001,72.2515625000001,75.7641875000001,77.5200625000001,80.66593750000011,82.00293750000013,84.42875000000015
133.0,196.0,189.0,187.0,191.0,192.0,184.0,189.0,189.0,191.0,191.0,194.0,187.0,192.0,195.0,190.0,191.0,182.0,199.0,193.0,196.0,200.0,191.0,190.0,198.0,190.0,187.0,188.0,187.0,197.0,196.0,198.0,197.0,206.0,177.0,114.0
69.46993750000009,75.46137500000012,78.19443750000012,81.16237500000011,83.35075000000015,88.48256250000016,92.47768750000014,93.44943750000014,96.80575000000015,101.64637500000015,104.61125000000015,107.60643750000015,110.59456250000015,115.96950000000015,119.12356250000018,120.29018750000017,125.77756250000017,128.32118750000018,129.58612500000018,135.5110625000002,137.10068750000022,139.5761250000002,144.4096875000002,148.10293750000017,151.5548125000002,156.0388750000002,159.14637500000018,161.01443750000016,165.77981250000022,167.14568750000018,169.7326250000002,175.2621875000002,176.60837500000022,181.7001250000002,184.20287500000023,185.93712500000024
108.0,177.0,174.0,174.0,170.0,173.0,174.0,175.0,176.0,187.0,172.0,175.0,175.0,180.0,175.0,178.0,182.0,192.0,184.0,179.0,179.0,177.0,178.0,177.0,177.0,172.0,177.0,176.0,187.0,175.0,176.0,179.0,170.0,168.0,168.0,163.0
-175.33937500000027,-171.04012500000024,-169.54618750000026,-163.60518750000023,-161.14150000000024,-158.92087500000022,-156.87687500000024,-152.81700000000023,-148.60562500000017,-148.08293750000018,-142.5328750000002,-141.4119375000002,-137.5676875000002,-133.8521250000002,-130.6912500000002,-129.4540625000002,-126.86018750000018,-123.59343750000018,-118.52737500000018,-116.03056250000016,-112.46493750000016,-111.78175000000016,-106.67656250000014,-104.75612500000014,-102.42412500000015,-99.33050000000011,-95.80925000000013,-91.82756250000013,-89.28600000000013,-87.6073125000001,-83.7505625000001,-81.55875000000012,-76.6369375000001,-75.3705625000001,-72.5345000000001,-70.31637500000011
165.0,186.0,177.0,178.0,181.0,184.0,184.0,183.0,182.0,186.0,183.0,184.0,189.0,185.0,185.0,188.0,183.0,192.0,187.0,179.0,187.0,186.0,190.0,192.0,183.0,186.0,187.0,184.0,189.0,187.0,188.0,179.0,187.0,183.0,141.0,115.0
-19.75006250000002,-13.279062500000018,-11.314875000000015,-6.727937500000008,-3.6258125000000043,2.7672500000000033,6.297875000000008,8.58237500000001,14.035875000000015,16.05912500000002,20.79443750000003,24.767375000000037,28.19712500000004,31.212750000000042,36.55081250000005,41.998312500000054,45.35243750000005,46.725625000000065,53.41937500000007,55.83050000000008,60.84231250000009,64.6798750000001,67.6916875000001,72.86543750000011,76.2580625000001,77.41456250000012,82.87793750000013,87.17862500000015,90.82775000000015,92.88225000000016,100.04300000000015,101.85150000000016,107.52850000000015,111.63981250000016,111.94312500000015,115.78950000000017
138.0,189.0,190.0,190.0,189.0,195.0,193.0,190.0,192.0,187.0,197.0,188.0,196.0,199.0,193.0,199.0,234.0,230.0,201.0,193.0,198.0,205.0,198.0,205.0,203.0,196.0,194.0,199.0,192.0,190.0,193.0,193.0,198.0,197.0,203.0,119.0
40.78343750000005,44.22093750000006,47.39250000000006,51.50762500000006,53.03237500000006,57.96050000000009,60.55756250000009,64.01775000000009,66.82075000000009,69.46925000000009,71.9645625000001,74.36993750000009,79.36750000000009,81.37850000000012,84.29125000000013,86.96006250000015,92.04668750000015,94.00931250000014,95.91787500000015,99.11387500000015,101.83000000000015,106.00981250000015,108.02731250000016,113.16043750000016,114.14375000000017,119.85025000000017,120.83793750000017,123.04537500000018,126.30687500000016,129.10206250000016,134.04562500000017,138.1651250000002,141.1954375000002,143.4449375000002,145.77206250000023,147.69218750000016
117.0,224.0,198.0,200.0,197.0,201.0,202.0,199.0,201.0,212.0,202.0,202.0,212.0,198.0,194.0,196.0,227.0,238.0,217.0,202.0,198.0,201.0,197.0,206.0,200.0,194.0,200.0,194.0,200.0,194.0,197.0,199.0,200.0,202.0,208.0,126.0
-80.0628750000001,-74.5932500000001,-66.7266250000001,-63.60975000000008,-59.82750000000008,-55.63493750000008,-49.569937500000066,-47.376312500000054,-43.004312500000054,-39.354500000000044,-31.619812500000037,-28.788500000000038,-21.886562500000025,-20.899750000000026,-15.25712500000002,-9.486125000000012,-7.309937500000009,-2.966250000000003,3.7403750000000047,7.923250000000009,10.44043750000001,19.101625000000023,20.500562500000022,26.761500000000034,31.674875000000043,34.47837500000004,37.544000000000054,43.98168750000006,49.99593750000007,52.88893750000007,57.84993750000008,60.754500000000085,64.37712500000009,72.0725625000001,73.2973750000001,77.6606250000001
138.0,176.0,173.0,174.0,173.0,169.0,177.0,175.0,178.0,179.0,179.0,174.0,170.0,170.0,172.0,196.0,196.0,175.0,164.0,169.0,169.0,174.0,168.0,168.0,172.0,183.0,164.0,165.0,181.0,164.0,166.0,165.0,171.0,165.0,148.0,90.0
14.753500000000018,18.709312500000024,24.396625000000025,26.731125000000038,30.808500000000038,36.194812500000054,39.70206250000005,41.542500000000054,47.857875000000064,51.22431250000007,53.09293750000006,58.27662500000008,59.41581250000009,63.06531250000009,68.39275000000009,71.61556250000011,77.6616875000001,81.3261250000001,84.52537500000014,88.02162500000014,89.24918750000015,95.19475000000014,99.26050000000015,101.11737500000015,104.12787500000016,110.54362500000016,111.94687500000015,117.08893750000017,120.13537500000018,123.43400000000017,126.23256250000018,131.40743750000019,134.75018750000015,137.4945625000002,142.17500000000018,144.70393750000017
52.0,69.0,71.0,72.0,74.0,71.0,77.0,77.0,75.0,75.0,78.0,72.0,74.0,73.0,76.0,74.0,75.0,72.0,74.0,77.0,72.0,73.0,70.0,74.0,71.0,72.0,72.0,72.0,74.0,75.0,73.0,74.0,75.0,70.0,60.0,43.0
51.64943750000006,56.923125000000084,59.02612500000009,60.20043750000008,62.16456250000009,67.0030000000001,68.9366875000001,70.8975000000001,72.8794375000001,75.69850000000011,77.8251250000001,80.60693750000011,83.59487500000014,85.80662500000014,87.64256250000015,90.50925000000014,93.82731250000015,96.58525000000014,97.81668750000016,102.74950000000015,103.51581250000015,105.69106250000014,109.75168750000016,111.75525000000016,115.51843750000016,115.81543750000016,118.86906250000017,120.78593750000017,123.68018750000017,127.75156250000016,129.83237500000016,131.81356250000022,134.83343750000017,136.8700625000002,138.90175000000016,141.08706250000023
48.0,81.0,83.0,78.0,81.0,82.0,84.0,78.0,81.0,81.0,80.0,80.0,81.0,83.0,88.0,81.0,85.0,84.0,79.0,81.0,79.0,77.0,76.0,78.0,81.0,80.0,78.0,78.0,75.0,76.0,78.0,80.0,75.0,75.0,71.0,49.0
-172.37750000000028,-166.9726875000003,-163.86362500000024,-158.0745000000002,-154.1761250000002,-150.48518750000022,-147.9913750000002,-144.10768750000017,-138.1913125000002,-137.2894375000002,-130.2886875000002,-126.63150000000019,-125.84831250000018,-120.90906250000018,-116.68681250000016,-111.26300000000016,-107.08125000000015,-105.98631250000012,-102.86968750000013,-98.93325000000013,-92.53768750000013,-90.49318750000013,-84.7371250000001,-84.2372500000001,-79.52006250000011,-75.0730625000001,-70.7913750000001,-67.29350000000011,-63.57700000000008,-60.00612500000008,-55.93900000000008,-50.33775000000007,-48.64081250000007,-45.38493750000005,-42.17756250000005,-39.09225000000004
59.0,88.0,83.0,87.0,85.0,85.0,83.0,86.0,87.0,83.0,87.0,86.0,84.0,83.0,85.0,86.0,99.0,108.0,96.0,88.0,89.0,86.0,87.0,85.0,86.0,84.0,88.0,85.0,86.0,86.0,85.0,88.0,96.0,90.0,70.0,47.0
34.79725000000005,40.77425000000005,43.04368750000006,46.619625000000056,51.97093750000006,55.60018750000009,59.66518750000009,64.54950000000008,65.5381250000001,70.38112500000008,75.52662500000011,79.3046875000001,81.66481250000011,86.55800000000013,88.67931250000014,92.56675000000016,99.58025000000016,102.72037500000016,104.39493750000015,108.28943750000015,113.25556250000015,115.41118750000017,122.04125000000018,123.52850000000018,127.09868750000017,133.27012500000015,137.9446875000002,140.8597500000002,143.7873750000002,148.22431250000022,150.9923125000002,155.82031250000023,159.4347500000002,161.96568750000017,165.01368750000017,169.51818750000018
49.0,82.0,83.0,84.0,86.0,87.0,85.0,87.0,87.0,88.0,88.0,91.0,89.0,88.0,86.0,91.0,92.0,108.0,103.0,96.0,92.0,95.0,91.0,92.0,92.0,91.0,91.0,94.0,92.0,91.0,89.0,88.0,89.0,88.0,91.0,54.0
52.707562500000066,58.86193750000008,62.7921250000001,65.01912500000009,70.36312500000008,75.1400625000001,80.0071875000001,80.35437500000012,84.99593750000012,88.56018750000015,93.79381250000014,98.13862500000016,101.73525000000015,104.46018750000016,109.54162500000015,112.51156250000015,117.71925000000017,122.87718750000018,124.03987500000017,131.52925000000022,132.35162500000018,136.82925000000017,141.95531250000022,147.10275000000019,148.0776250000002,154.90256250000022,155.9008125000002,163.2420625000002,164.42325000000022,169.9603125000002,171.4216250000002,176.5186250000002,180.89375000000024,183.62425000000025,187.4842500000002,191.20825000000025
54.0,93.0,93.0,92.0,96.0,91.0,91.0,97.0,96.0,91.0,94.0,95.0,94.0,95.0,93.0,93.0,95.0,105.0,103.0,93.0,91.0,94.0,91.0,92.0,94.0,89.0,89.0,92.0,92.0,92.0,91.0,92.0,90.0,88.0,87.0,54.0
26.395500000000034,31.92768750000004,37.914687500000056,42.76550000000005,49.02875000000006,52.63300000000007,58.999562500000096,61.06418750000009,64.95087500000008,72.6026875000001,77.85593750000011,79.78693750000009,83.67381250000014,87.59425000000014,94.52737500000015,98.70556250000014,106.12912500000016,107.26875000000015,115.54581250000017,120.52037500000017,122.49381250000017,127.44918750000018,133.3931250000002,137.3762500000002,143.43081250000017,146.3971875000002,150.52425000000022,154.23218750000018,158.51481250000018,164.49018750000016,168.8518750000002,173.28118750000021,177.24550000000022,184.56475000000023,187.3081875000002,190.78081250000025
60.0,92.0,89.0,90.0,91.0,93.0,94.0,97.0,98.0,109.0,115.0,116.0,115.0,119.0,115.0,113.0,120.0,109.0,105.0,111.0,111.0,109.0,114.0,113.0,116.0,115.0,114.0,112.0,107.0,105.0,110.0,98.0,97.0,97.0,95.0,72.0
44.12306250000006,50.344375000000056,57.116375000000076,60.327062500000096,65.40293750000008,69.12881250000008,71.0281250000001,77.8291875000001,82.78462500000015,84.68125000000013,90.62743750000014,93.58643750000014,99.11956250000016,101.32106250000014,105.36531250000016,110.63131250000015,118.22631250000018,119.72712500000017,123.31112500000017,131.49643750000018,131.7371250000002,137.2883125000002,142.43750000000017,144.7940000000002,149.19581250000022,155.3733750000002,157.9234375000002,164.38643750000017,166.99556250000023,172.87706250000025,176.03781250000026,179.72293750000023,184.18456250000025,191.80056250000024,192.86118750000026,196.79650000000026
52.0,85.0,87.0,86.0,89.0,89.0,85.0,87.0,87.0,91.0,90.0,94.0,89.0,88.0,88.0,88.0,95.0,103.0,89.0,85.0,84.0,86.0,85.0,83.0,85.0,84.0,82.0,88.0,83.0,86.0,87.0,88.0,85.0,86.0,82.0,55.0
-189.2958125000003,-184.43362500000026,-178.71218750000025,-175.25337500000026,-171.45981250000028,-166.01237500000028,-161.65881250000024,-156.8478125000002,-152.36025000000018,-147.36975000000018,-145.2437500000002,-141.55862500000018,-137.30837500000018,-134.26400000000018,-127.25406250000017,-125.3642500000002,-118.01181250000018,-114.35581250000017,-112.87425000000019,-106.84787500000016,-103.24018750000015,-98.14593750000013,-94.38525000000013,-92.21956250000012,-86.38050000000013,-82.46631250000011,-77.52668750000011,-75.5404375000001,-70.6000625000001,-66.6373750000001,-59.77518750000007,-55.37650000000008,-54.167250000000074,-46.90556250000006,-46.07543750000005,-42.07118750000005
54.0,82.0,81.0,82.0,84.0,82.0,83.0,85.0,84.0,86.0,86.0,88.0,91.0,87.0,86.0,87.0,87.0,99.0,97.0,89.0,85.0,89.0,84.0,87.0,86.0,84.0,86.0,84.0,86.0,85.0,84.0,84.0,78.0,81.0,73.0,51.0
17.21562500000002,22.294750000000025,27.996000000000038,32.438562500000046,36.61837500000004,40.175562500000055,44.35568750000006,49.53187500000007,53.49600000000009,56.401750000000085,62.09712500000009,64.7575000000001,70.5956250000001,75.3118750000001,80.44812500000009,81.51443750000011,86.90625000000014,92.68975000000015,94.13606250000014,101.18531250000015,103.06500000000014,107.98406250000015,111.04606250000016,118.20525000000016,121.11793750000017,127.50837500000017,131.5735000000002,134.2201250000002,138.1228750000002,142.34906250000023,145.9415000000002,149.3956250000002,156.39431250000018,157.41825000000017,162.35718750000018,165.60881250000023
54.0,86.0,88.0,89.0,90.0,92.0,88.0,88.0,89.0,92.0,87.0,88.0,90.0,95.0,94.0,92.0,96.0,104.0,106.0,90.0,96.0,93.0,90.0,90.0,93.0,91.0,90.0,89.0,91.0,97.0,90.0,93.0,91.0,90.0,91.0,62.0
67.24543750000011,73.3815000000001,76.4578125000001,80.52300000000011,84.73825000000014,88.47775000000014,91.74325000000015,96.96293750000014,99.25837500000017,101.04387500000016,107.07025000000016,108.87587500000015,113.88475000000017,116.15343750000018,122.43118750000016,123.32168750000018,128.64956250000017,134.45868750000017,138.00368750000018,139.78743750000018,142.49725000000018,146.05762500000017,152.69025000000016,154.0033750000002,157.10475000000022,164.0995000000002,165.8882500000002,169.99893750000018,172.22431250000022,179.04962500000025,183.0420625000002,185.21681250000023,189.43025000000023,193.28287500000022,195.53712500000026,197.87218750000028
51.0,91.0,91.0,95.0,89.0,90.0,89.0,92.0,91.0,94.0,89.0,87.0,93.0,87.0,91.0,91.0,90.0,92.0,106.0,112.0,100.0,97.0,97.0,95.0,93.0,96.0,95.0,94.0,95.0,95.0,94.0,95.0,92.0,97.0,104.0,70.0
93.49600000000015,97.82750000000016,100.09025000000015,102.38212500000014,104.92425000000016,108.32675000000015,111.62537500000016,113.46325000000016,116.86162500000017,118.38631250000017,123.43843750000018,124.41093750000017,128.6410625000002,129.8886250000002,133.35106250000018,134.8403125000002,138.7772500000002,141.07443750000016,145.1767500000002,145.42593750000015,148.6318125000002,151.93562500000021,155.13281250000023,157.48312500000023,160.20962500000022,162.4096875000002,166.1831875000002,167.1709375000002,170.6593750000002,172.5420000000002,175.2989375000002,178.48918750000024,182.78768750000023,185.5035625000002,185.95956250000023,188.5783125000002
50.0,72.0,79.0,82.0,78.0,78.0,79.0,83.0,80.0,80.0,82.0,82.0,83.0,83.0,84.0,80.0,85.0,81.0,93.0,89.0,83.0,81.0,79.0,80.0,82.0,79.0,81.0,80.0,78.0,80.0,77.0,78.0,78.0,78.0,80.0,62.0
-12.835812500000015,-5.9451875000000065,0.7953125000000009,1.8802500000000022,6.075562500000007,11.268750000000011,18.030562500000023,20.901625000000024,25.778125000000035,31.202187500000043,34.694187500000055,39.06968750000006,47.817000000000064,52.52062500000007,56.881562500000086,61.87956250000009,65.2461875000001,67.2326250000001,74.53937500000009,78.2818125000001,82.57162500000013,86.68300000000013,90.92887500000015,96.87531250000015,104.48468750000016,108.55837500000015,111.69681250000015,118.44081250000018,123.07312500000018,125.41712500000017,130.22281250000015,135.23762500000018,142.02343750000017,143.82443750000016,147.30800000000022,151.1616875000002
55.0,76.0,78.0,77.0,78.0,81.0,78.0,76.0,80.0,78.0,79.0,78.0,79.0,79.0,78.0,80.0,92.0,82.0,78.0,79.0,79.0,81.0,77.0,80.0,81.0,78.0,76.0,76.0,77.0,78.0,77.0,75.0,75.0,74.0,71.0,45.0
33.56406250000005,39.27162500000006,44.36937500000006,52.09437500000007,57.65593750000008,64.77743750000009,67.64187500000008,70.8656875000001,80.36756250000012,82.32337500000014,86.70600000000013,94.88181250000015,98.79006250000016,102.95056250000015,111.55143750000018,118.07168750000017,118.79675000000017,125.35018750000017,131.35743750000017,138.1639375000002,144.4536250000002,149.8928750000002,154.18306250000023,157.6122500000002,166.4687500000002,169.5035625000002,175.1087500000002,182.40531250000026,183.43968750000022,193.52518750000024,194.4856875000002,199.1482500000003,206.6053125000003,210.31656250000032,218.5254375000003,220.7037500000003
53.0,90.0,86.0,87.0,86.0,90.0,87.0,86.0,87.0,89.0,87.0,91.0,91.0,88.0,91.0,111.0,108.0,87.0,84.0,85.0,84.0,84.0,82.0,83.0,82.0,83.0,82.0,84.0,82.0,82.0,83.0,85.0,81.0,81.0,90.0,63.0
47.92362500000006,52.187750000000065,58.099750000000085,60.063687500000086,63.649187500000096,69.8560625000001,71.83787500000011,77.85312500000009,80.78506250000011,83.72262500000014,86.61925000000014,93.44062500000015,95.36675000000014,98.25131250000015,104.95900000000015,108.94656250000016,113.55068750000017,114.70056250000017,117.73575000000017,122.21543750000016,125.68306250000016,130.75000000000017,134.8978750000002,140.0153750000002,141.5754375000002,146.0135000000002,149.3857500000002,153.2803750000002,157.18937500000018,162.12050000000022,164.01118750000018,169.86743750000022,175.42500000000024,177.6684375000002,179.79662500000023,183.2964375000002
51.0,95.0,89.0,88.0,88.0,92.0,92.0,91.0,93.0,90.0,89.0,90.0,93.0,87.0,90.0,93.0,111.0,119.0,103.0,87.0,89.0,95.0,91.0,90.0,90.0,90.0,89.0,85.0,87.0,85.0,87.0,86.0,86.0,93.0,79.0,49.0
21.90443750000003,28.366375000000037,30.145062500000037,33.054625000000044,37.64950000000005,40.73837500000005,45.17562500000007,48.671375000000054,54.30312500000008,58.244000000000085,59.86106250000009,64.8701875000001,69.22450000000009,73.1117500000001,75.2073125000001,79.78493750000011,83.23125000000013,89.36587500000013,90.86343750000016,93.32656250000015,98.25762500000016,102.43443750000016,104.95950000000016,110.51562500000017,113.40406250000017,116.31831250000016,121.28075000000018,124.82300000000018,129.65050000000014,132.44756250000017,137.54543750000016,138.9449375000002,144.0076250000002,148.3076875000002,150.04525000000018,153.6257500000002
47.0,96.0,93.0,90.0,89.0,89.0,87.0,88.0,89.0,88.0,90.0,89.0,88.0,90.0,91.0,88.0,89.0,101.0,107.0,95.0,91.0,91.0,89.0,90.0,92.0,87.0,87.0,92.0,95.0,89.0,88.0,89.0,90.0,91.0,91.0,47.0
