-125.70543750000017,-123.69218750000017,-122.70350000000018,-121.70150000000018,-120.70931250000017,-119.65893750000018,-118.72450000000018,-117.73200000000018,-116.69393750000017,-115.74700000000017,-114.69925000000018,-112.77012500000018,-111.77800000000018,-110.71425000000016,-109.79368750000016,-108.80137500000015,-107.80887500000014,-106.81606250000016,-105.73887500000012,-104.74381250000012,-103.74843750000012,-102.66625000000013,-101.75637500000013,-100.67368750000013,-99.50868750000014,-98.43325000000013,-96.68293750000012,-95.75768750000013,-94.82406250000012,-93.81300000000012,-92.86137500000012,-91.78318750000012,-89.82700000000013,-88.75175000000013,-88.55837500000013,-87.59756250000011
35.0,48.0,60.0,75.0,96.0,119.0,142.0,162.0,175.0,180.0,186.0,198.0,203.0,204.0,203.0,204.0,200.0,199.0,190.0,189.0,182.0,171.0,158.0,150.0,110.0,83.0,63.0,54.0,47.0,42.0,38.0,36.0,34.0,36.0,31.0,29.0
-153.14618750000017,-151.1498750000002,-150.0757500000002,-149.2421250000002,-148.2406875000002,-146.9237500000002,-146.0758750000002,-145.15231250000022,-144.2989375000002,-143.43493750000016,-142.11581250000023,-141.2367500000002,-140.3515000000002,-139.9095000000002,-138.5779375000002,-137.22931250000022,-136.33162500000017,-135.88643750000017,-134.5375625000002,-133.6360000000002,-132.73568750000015,-131.8375000000002,-130.9122500000002,-129.62775000000016,-128.6924375000002,-127.80562500000019,-126.92343750000019,-125.65481250000018,-124.68687500000016,-123.92837500000019,-122.82493750000017,-121.30843750000018,-120.72806250000018,-119.01525000000018,-117.99768750000017,-117.83193750000018
40.0,57.0,75.0,83.0,100.0,122.0,139.0,145.0,161.0,169.0,178.0,186.0,192.0,188.0,183.0,184.0,178.0,170.0,157.0,146.0,135.0,118.0,99.0,84.0,74.0,65.0,60.0,46.0,43.0,39.0,34.0,34.0,33.0,33.0,36.0,30.0
22.147375000000025,25.405125000000037,27.150562500000035,28.90462500000004,30.67593750000004,32.06625000000004,34.04806250000006,35.70493750000006,37.12706250000005,37.691187500000055,39.641312500000055,41.54225000000005,42.412000000000056,44.25350000000006,46.03218750000006,47.86418750000007,49.21131250000006,51.47150000000006,53.36893750000007,55.619562500000086,57.24212500000009,58.51356250000009,60.45387500000008,61.691312500000095,62.65450000000009,64.57468750000008,65.7840000000001,67.4235000000001,69.1485625000001,70.7505625000001,72.8805000000001,74.1699375000001,76.56100000000009,77.63093750000009,79.6747500000001,80.7048125000001
33.0,39.0,47.0,55.0,81.0,102.0,131.0,152.0,158.0,160.0,159.0,154.0,147.0,138.0,136.0,124.0,108.0,103.0,116.0,139.0,153.0,166.0,167.0,177.0,178.0,175.0,155.0,130.0,105.0,79.0,52.0,39.0,37.0,35.0,31.0,31.0
-146.25762500000022,-144.05518750000016,-143.12143750000018,-141.85718750000018,-140.5665625000002,-139.30018750000016,-138.3357500000002,-137.76568750000018,-135.84793750000017,-134.88818750000019,-133.64750000000018,-132.68806250000017,-131.73050000000018,-130.4817500000002,-129.5251875000002,-127.92775000000017,-127.31162500000019,-126.04331250000017,-124.14250000000018,-122.86837500000019,-122.25218750000018,-121.30881250000017,-120.36506250000016,-119.09125000000017,-117.51518750000018,-116.23606250000017,-115.27006250000017,-114.29312500000017,-113.30281250000017,-111.78637500000016,-111.03256250000017,-109.35768750000015,-107.66850000000017,-107.44331250000018,-105.62943750000014,-105.62943750000014
36.0,40.0,45.0,55.0,70.0,93.0,106.0,116.0,123.0,128.0,134.0,138.0,143.0,141.0,140.0,142.0,142.0,139.0,143.0,141.0,144.0,138.0,133.0,121.0,108.0,104.0,97.0,82.0,69.0,49.0,41.0,36.0,35.0,32.0,30.0,30.0
-144.45900000000017,-141.9085000000002,-140.5720625000002,-138.94925000000018,-137.67743750000017,-136.4247500000002,-135.0085000000002,-133.50118750000019,-132.2763750000002,-131.2984375000002,-130.09043750000018,-129.11337500000016,-127.58181250000017,-126.3811875000002,-124.61393750000019,-123.62600000000019,-121.25825000000017,-119.88375000000016,-118.90356250000018,-117.14212500000019,-116.94468750000017,-114.98937500000017,-113.81062500000016,-111.85906250000016,-110.88575000000017,-109.91450000000017,-108.50287500000016,-107.29900000000016,-105.58500000000014,-104.37393750000014,-102.69287500000013,-101.73587500000014,-100.24693750000013,-98.89012500000013,-96.72656250000013,-96.43206250000013
34.0,42.0,50.0,62.0,77.0,97.0,130.0,170.0,185.0,189.0,198.0,191.0,182.0,176.0,151.0,146.0,148.0,163.0,177.0,198.0,201.0,208.0,207.0,199.0,179.0,158.0,134.0,99.0,77.0,52.0,44.0,38.0,38.0,34.0,32.0,32.0
-165.24700000000024,-162.5545625000002,-161.26406250000025,-159.4753750000002,-158.1583125000002,-156.36550000000022,-155.04462500000022,-153.7164375000002,-153.2763750000002,-151.4842500000002,-150.1331875000002,-148.76843750000023,-147.38912500000023,-145.11331250000023,-143.3793125000002,-142.5278125000002,-141.1394375000002,-139.7423750000002,-138.3383125000002,-135.51643750000022,-134.1025000000002,-132.6890625000002,-131.89506250000022,-130.48968750000017,-129.08731250000017,-127.68937500000018,-126.29750000000018,-124.73443750000017,-123.53893750000017,-121.96481250000018,-120.34881250000016,-118.71118750000018,-117.59281250000016,-115.64293750000017,-113.66412500000015,-113.10262500000016
38.0,55.0,73.0,100.0,128.0,168.0,187.0,197.0,198.0,191.0,188.0,181.0,176.0,165.0,169.0,172.0,179.0,182.0,183.0,187.0,189.0,194.0,194.0,182.0,168.0,159.0,142.0,114.0,85.0,59.0,47.0,39.0,37.0,35.0,36.0,36.0
-113.27387500000017,-111.13918750000018,-109.95968750000016,-108.95250000000016,-107.90193750000017,-106.98968750000016,-104.94443750000015,-103.94350000000013,-102.95000000000013,-101.95181250000012,-100.95225000000013,-98.94962500000014,-97.94706250000013,-96.98487500000013,-95.94162500000013,-94.93975000000012,-93.93925000000013,-91.94431250000012,-91.84262500000011,-90.60512500000013,-88.83956250000011,-87.70512500000012,-87.00018750000014,-85.86762500000012,-84.73031250000012,-82.76225000000011,-81.92000000000012,-80.9272500000001,-79.92931250000011,-78.8228750000001,-76.78568750000012,-75.84237500000012,-74.84743750000011,-73.90512500000011,-72.6738125000001,-71.61181250000011
34.0,33.0,34.0,35.0,36.0,36.0,41.0,44.0,49.0,55.0,64.0,81.0,90.0,94.0,101.0,107.0,113.0,112.0,114.0,109.0,109.0,103.0,100.0,97.0,92.0,81.0,72.0,63.0,53.0,48.0,39.0,36.0,35.0,35.0,33.0,28.0
-25.95818750000003,-23.622437500000025,-22.152375000000024,-20.661375000000024,-19.36137500000002,-17.97325000000002,-17.19100000000002,-15.76306250000002,-14.283875000000016,-12.928250000000016,-12.850562500000017,-11.428250000000014,-10.105187500000012,-8.69487500000001,-7.283750000000009,-5.871187500000007,-4.395625000000005,-3.7215625000000045,-2.2710000000000026,-0.9011875000000009,-0.1847500000000001,1.2214375000000013,1.9221250000000023,4.040437500000005,4.7461250000000055,5.4546875000000075,6.867187500000009,8.29693750000001,9.02618750000001,10.41362500000001,11.739437500000014,12.850062500000014,14.024812500000015,15.31256250000002,16.92018750000002,17.675937500000025
29.0,33.0,33.0,36.0,37.0,38.0,39.0,47.0,54.0,61.0,59.0,64.0,67.0,72.0,73.0,73.0,75.0,76.0,78.0,79.0,75.0,76.0,77.0,75.0,71.0,71.0,64.0,60.0,54.0,45.0,39.0,37.0,36.0,33.0,31.0,29.0
-27.532500000000027,-26.116937500000027,-24.329000000000025,-23.649062500000028,-22.91831250000002,-21.554000000000023,-20.753437500000025,-19.38856250000002,-18.70975000000002,-17.30025000000002,-16.608312500000018,-15.174625000000017,-14.476000000000017,-13.769000000000016,-13.085687500000017,-11.767625000000017,-11.048875000000013,-9.683125000000011,-8.93381250000001,-7.55818750000001,-6.960250000000009,-5.991937500000006,-4.601187500000005,-3.7975000000000048,-2.4063125000000025,-1.8193125000000019,-0.41425000000000034,0.19875000000000015,1.1808750000000012,2.585125000000003,3.1622500000000042,4.706187500000006,6.066250000000007,6.660187500000008,8.220375000000011,8.220375000000011
35.0,38.0,43.0,45.0,46.0,51.0,57.0,80.0,91.0,119.0,126.0,141.0,143.0,143.0,142.0,141.0,139.0,133.0,130.0,128.0,120.0,119.0,115.0,104.0,95.0,87.0,69.0,61.0,49.0,43.0,38.0,35.0,37.0,34.0,32.0,32.0
-161.9870625000002,-159.7752500000002,-158.8160000000002,-157.53581250000025,-156.12393750000018,-154.75418750000017,-154.11325000000022,-152.6354375000002,-151.25750000000022,-150.5368750000002,-149.1159375000002,-147.6882500000002,-146.9961250000002,-145.5796875000002,-144.04662500000018,-143.39168750000016,-142.5998125000002,-141.35243750000018,-139.9596250000002,-138.90631250000018,-136.92918750000018,-136.6449375000002,-134.7055000000002,-134.17181250000021,-132.8020000000002,-131.42968750000017,-130.58906250000018,-129.20712500000016,-128.12581250000017,-126.93118750000018,-125.57731250000019,-124.33737500000018,-123.41156250000017,-122.13718750000017,-120.97468750000017,-119.62800000000017
27.0,34.0,34.0,35.0,39.0,46.0,47.0,59.0,68.0,73.0,75.0,78.0,74.0,83.0,85.0,84.0,87.0,89.0,89.0,85.0,83.0,83.0,83.0,83.0,72.0,62.0,52.0,45.0,37.0,35.0,33.0,33.0,31.0,30.0,30.0,26.0
-147.5035000000002,-146.19725000000022,-145.0179375000002,-143.70393750000017,-142.51212500000017,-141.5777500000002,-140.32818750000018,-139.3932500000002,-138.1143125000002,-137.18056250000018,-136.24756250000019,-135.3126875000002,-134.3738750000002,-133.4293750000002,-132.47825000000017,-131.1790625000002,-129.8911250000002,-128.9334375000002,-127.66168750000018,-126.70268750000018,-125.74143750000017,-124.77968750000018,-123.81956250000017,-122.57643750000018,-121.62587500000018,-120.38662500000018,-119.44743750000018,-118.19693750000017,-117.27331250000016,-115.99837500000018,-114.68625000000017,-113.84006250000014,-112.63750000000017,-110.90656250000016,-109.97818750000017,-106.30443750000013
33.0,39.0,42.0,48.0,61.0,71.0,93.0,110.0,132.0,142.0,149.0,153.0,156.0,157.0,158.0,160.0,167.0,167.0,167.0,169.0,170.0,169.0,165.0,153.0,133.0,111.0,92.0,70.0,56.0,46.0,41.0,38.0,37.0,34.0,35.0,28.0
-34.58293750000004,-33.124062500000036,-31.82087500000004,-29.82300000000004,-28.82225000000004,-27.57768750000003,-25.997437500000025,-25.028687500000025,-23.436687500000026,-22.054125000000024,-21.242500000000025,-20.666375000000023,-19.27106250000002,-17.04806250000002,-16.23400000000002,-14.820812500000018,-13.398750000000017,-12.599812500000017,-11.810812500000015,-10.529375000000012,-8.974500000000011,-7.55025000000001,-6.184000000000008,-4.733250000000005,-3.272125000000003,-2.5616250000000025,-1.8494375000000018,-0.4305000000000003,1.023562500000001,2.3943125000000025,3.178312500000004,4.588125000000005,6.492750000000008,7.120562500000009,8.64031250000001,9.42775000000001
32.0,34.0,37.0,39.0,42.0,49.0,59.0,76.0,95.0,102.0,109.0,113.0,113.0,118.0,119.0,131.0,134.0,133.0,138.0,128.0,124.0,120.0,121.0,118.0,122.0,119.0,117.0,107.0,83.0,63.0,52.0,41.0,39.0,36.0,33.0,32.0
118.31818750000016,120.56818750000018,121.85843750000016,122.51550000000017,123.80350000000018,124.81131250000017,125.72706250000017,126.98750000000018,127.82687500000017,128.79481250000015,130.02443750000015,130.9560625000002,131.55856250000016,133.12856250000016,133.9430000000002,135.3453125000002,136.2060000000002,136.7292500000002,137.60431250000022,138.96912500000022,140.29643750000014,141.2029375000002,142.1238125000002,143.0541250000002,143.76281250000017,145.26418750000016,145.95281250000016,146.88737500000022,147.82187500000018,149.1602500000002,150.0971250000002,151.13912500000018,152.1386250000002,153.06193750000017,154.58068750000024,155.7827500000002
33.0,36.0,38.0,39.0,39.0,41.0,46.0,54.0,67.0,78.0,97.0,111.0,117.0,127.0,134.0,139.0,137.0,134.0,137.0,141.0,140.0,133.0,126.0,117.0,110.0,97.0,87.0,78.0,69.0,61.0,56.0,48.0,43.0,37.0,38.0,35.0
112.92525000000016,115.59718750000016,116.43675000000016,117.99556250000016,119.44425000000017,121.0843750000002,122.47456250000018,123.86268750000018,125.24662500000017,126.04237500000019,127.42312500000017,129.0453125000002,130.43531250000018,130.98518750000017,133.19006250000018,134.04512500000018,135.41050000000018,136.28675000000018,138.9727500000002,139.86850000000015,140.77481250000017,142.4825625000002,144.3036250000002,145.5918750000002,147.0680000000002,147.43331250000023,148.72337500000017,150.19043750000014,151.4823125000002,152.79293750000022,154.1326250000002,155.51150000000018,156.9381250000002,158.6641875000002,160.8212500000002,161.48068750000022
27.0,34.0,37.0,36.0,44.0,57.0,64.0,78.0,90.0,100.0,106.0,113.0,112.0,113.0,111.0,113.0,110.0,107.0,107.0,107.0,104.0,105.0,104.0,110.0,110.0,105.0,97.0,92.0,78.0,66.0,53.0,45.0,40.0,38.0,36.0,32.0
-148.2871250000002,-146.8587500000002,-145.25006250000018,-143.9778125000002,-142.9438750000002,-141.7507500000002,-140.85156250000017,-139.51162500000018,-138.62937500000018,-137.29575000000017,-136.85037500000018,-135.0423125000002,-134.6044375000002,-133.2633125000002,-132.34112500000018,-130.6243125000002,-130.07150000000019,-129.1208750000002,-127.1841250000002,-126.20100000000018,-124.90587500000018,-123.92500000000017,-122.94187500000018,-122.22718750000017,-121.43656250000016,-120.25868750000016,-119.29018750000019,-118.08918750000016,-116.90000000000018,-115.71143750000017,-114.79456250000017,-113.60018750000016,-112.49581250000016,-111.12462500000015,-110.23568750000017,-109.26012500000019
41.0,47.0,57.0,71.0,85.0,103.0,129.0,156.0,171.0,192.0,193.0,194.0,190.0,187.0,183.0,182.0,182.0,182.0,190.0,196.0,211.0,207.0,199.0,193.0,174.0,157.0,126.0,96.0,75.0,58.0,53.0,46.0,43.0,40.0,37.0,35.0
-70.9935000000001,-69.24656250000011,-67.88912500000009,-67.14281250000009,-65.7831250000001,-64.54143750000009,-63.60625000000008,-62.83200000000008,-61.369437500000075,-60.95906250000007,-59.61812500000008,-58.70400000000008,-57.32181250000008,-55.98987500000008,-55.08750000000008,-53.75493750000008,-52.84987500000008,-51.52018750000006,-51.102375000000066,-49.28656250000007,-47.968875000000054,-47.054812500000054,-46.13737500000005,-45.21712500000005,-44.43475000000005,-42.595000000000056,-42.20637500000005,-40.75318750000004,-39.96575000000005,-38.63468750000004,-37.704812500000045,-36.34656250000005,-34.95356250000005,-33.59150000000004,-32.58737500000004,-32.20050000000004
35.0,41.0,42.0,45.0,55.0,74.0,83.0,99.0,104.0,107.0,106.0,104.0,107.0,108.0,110.0,112.0,113.0,113.0,118.0,122.0,127.0,131.0,130.0,123.0,116.0,109.0,99.0,86.0,77.0,56.0,49.0,39.0,38.0,36.0,35.0,32.0
-109.23856250000016,-107.10518750000016,-106.14400000000013,-105.14656250000014,-104.11587500000013,-103.19093750000013,-101.16875000000013,-100.08700000000013,-99.18631250000014,-98.14200000000012,-97.14762500000012,-96.15387500000011,-95.16093750000013,-93.17806250000012,-92.09231250000012,-91.09662500000013,-90.21331250000013,-88.11906250000011,-87.13012500000013,-86.14287500000012,-85.01150000000011,-84.1733750000001,-83.03475000000012,-82.0488750000001,-80.8998750000001,-79.74643750000011,-77.94481250000011,-77.1291250000001,-75.9762500000001,-74.99056250000011,-73.68775000000011,-72.4693125000001,-70.62012500000012,-70.2439375000001,-68.78793750000011,-67.8995000000001
44.0,48.0,53.0,57.0,65.0,73.0,84.0,90.0,90.0,96.0,93.0,95.0,93.0,91.0,88.0,87.0,87.0,87.0,86.0,86.0,94.0,97.0,98.0,100.0,93.0,86.0,75.0,66.0,58.0,50.0,46.0,42.0,39.0,36.0,34.0,33.0
-144.00056250000017,-142.52768750000018,-141.12025000000017,-140.2747500000002,-138.61818750000015,-137.97931250000022,-137.0683750000002,-136.43356250000022,-134.91350000000017,-133.57231250000018,-133.00662500000018,-131.7570625000002,-130.7880625000002,-129.81856250000016,-129.1553750000002,-127.86568750000019,-127.24512500000017,-126.2971250000002,-124.41293750000018,-123.80656250000017,-123.13956250000017,-122.19837500000017,-121.25487500000017,-120.30543750000018,-119.34581250000018,-118.06243750000017,-117.08312500000017,-116.08331250000016,-114.83756250000016,-114.20350000000013,-112.80312500000014,-111.66843750000017,-110.69212500000017,-109.53293750000017,-108.40687500000016,-107.61431250000017
30.0,31.0,34.0,34.0,37.0,39.0,45.0,51.0,58.0,68.0,75.0,82.0,87.0,88.0,83.0,81.0,83.0,86.0,96.0,91.0,91.0,92.0,85.0,83.0,74.0,67.0,56.0,43.0,39.0,36.0,34.0,33.0,33.0,30.0,28.0,27.0
113.07568750000017,115.50918750000017,115.76481250000016,117.45412500000018,118.63412500000015,119.68312500000016,120.64381250000017,121.54606250000016,122.63256250000016,123.78768750000017,124.61787500000017,125.96687500000016,126.79837500000019,127.64393750000018,128.9828125000002,129.4356250000002,130.29425000000015,131.17425000000014,132.45418750000016,133.35662500000018,134.27731250000022,135.51393750000017,137.11875000000018,138.3381250000002,138.5935625000002,139.54625000000016,140.5053750000002,141.4668750000002,142.72906250000023,143.70756250000022,144.66856250000018,145.56212500000018,146.60125000000022,147.7236250000002,149.0057500000002,151.1953750000002
36.0,41.0,43.0,43.0,47.0,52.0,61.0,74.0,93.0,123.0,138.0,159.0,169.0,172.0,179.0,181.0,181.0,178.0,169.0,169.0,166.0,164.0,165.0,174.0,173.0,175.0,167.0,159.0,131.0,119.0,98.0,84.0,67.0,59.0,53.0,47.0
-105.80637500000014,-103.96668750000013,-102.49562500000013,-102.14656250000012,-100.38731250000014,-99.29175000000012,-98.20281250000012,-97.11681250000011,-96.21675000000013,-95.22156250000013,-94.13081250000012,-93.13200000000013,-92.13212500000014,-91.23406250000012,-90.23693750000012,-89.12956250000012,-88.12881250000011,-87.00706250000012,-86.00256250000011,-84.99906250000011,-83.99693750000012,-82.99637500000011,-81.0010000000001,-80.84625000000011,-79.68612500000012,-78.68518750000011,-77.2046250000001,-76.22087500000009,-74.8876875000001,-74.2556250000001,-73.19218750000012,-72.11318750000011,-70.7784375000001,-69.4561875000001,-68.0068750000001,-67.8418125000001
33.0,42.0,48.0,56.0,72.0,101.0,120.0,143.0,166.0,170.0,177.0,175.0,179.0,180.0,180.0,176.0,178.0,178.0,180.0,178.0,170.0,165.0,154.0,145.0,122.0,103.0,79.0,63.0,51.0,45.0,39.0,37.0,35.0,34.0,33.0,31.0
126.94231250000018,128.3715000000002,129.03925000000015,130.3743125000002,131.0683750000002,131.85568750000016,132.57943750000015,133.9841875000002,134.65387500000017,135.31937500000018,136.7170000000002,137.4571875000002,138.2012500000002,138.86025000000018,140.1712500000002,141.0140625000002,141.66850000000017,142.4207500000002,143.0733750000002,144.58318750000018,145.23406250000022,145.9911875000002,146.6405000000002,148.04637500000015,148.80581250000023,149.56668750000017,150.21200000000022,151.6170000000002,152.3803750000002,153.0205625000002,153.7853125000002,154.6840625000002,156.09568750000022,156.58937500000022,157.3608750000002,158.2872500000002
27.0,31.0,33.0,35.0,37.0,43.0,48.0,60.0,69.0,78.0,96.0,103.0,108.0,118.0,124.0,135.0,139.0,144.0,144.0,146.0,146.0,149.0,142.0,137.0,134.0,130.0,126.0,99.0,89.0,69.0,61.0,52.0,45.0,43.0,38.0,36.0
72.2625000000001,75.1057500000001,77.2075000000001,79.34631250000011,81.3945625000001,82.42825000000015,84.47787500000015,86.61043750000015,88.62856250000014,90.62875000000014,92.61506250000015,93.48668750000014,94.59150000000014,96.56137500000014,98.42162500000015,100.39481250000016,102.37006250000015,104.42418750000016,107.54162500000015,109.39062500000017,110.40306250000016,112.34706250000015,114.29112500000016,116.24562500000016,118.20312500000017,119.18143750000017,121.09268750000017,123.03531250000017,124.97856250000017,126.92381250000018,128.05631250000016,129.9343125000002,131.80831250000017,133.86818750000015,135.76193750000016,137.44225000000017
27.0,31.0,36.0,47.0,64.0,80.0,116.0,144.0,157.0,170.0,178.0,183.0,183.0,179.0,156.0,110.0,75.0,59.0,52.0,62.0,81.0,122.0,150.0,171.0,179.0,178.0,170.0,163.0,154.0,122.0,85.0,64.0,46.0,39.0,32.0,24.0
-89.25206250000012,-86.19750000000012,-84.88050000000013,-83.16162500000013,-81.7611250000001,-80.45643750000012,-79.1604375000001,-77.3382500000001,-76.5991875000001,-75.49525000000011,-73.8608750000001,-72.26668750000009,-70.74875000000009,-69.5010625000001,-67.93387500000009,-66.39668750000008,-63.56050000000008,-62.064875000000086,-60.69300000000008,-59.20168750000008,-57.54325000000008,-56.043687500000075,-54.654875000000075,-54.38068750000008,-52.45262500000007,-51.195125000000075,-49.27206250000006,-48.320375000000055,-46.66306250000005,-45.15137500000006,-43.82687500000006,-42.03018750000004,-40.69418750000004,-38.79587500000005,-37.73018750000004,-35.964437500000045
39.0,73.0,95.0,127.0,157.0,171.0,184.0,187.0,192.0,187.0,180.0,159.0,142.0,114.0,82.0,64.0,72.0,91.0,134.0,161.0,186.0,186.0,196.0,196.0,193.0,185.0,173.0,157.0,123.0,91.0,63.0,50.0,40.0,37.0,33.0,32.0
-30.96662500000004,-28.75268750000003,-27.735000000000028,-26.466812500000024,-25.158250000000024,-24.472187500000025,-23.153437500000024,-21.755312500000024,-21.102312500000025,-20.36693750000002,-18.97656250000002,-17.729875000000018,-16.963562500000016,-15.570500000000019,-14.169500000000017,-13.547812500000017,-11.342562500000016,-11.188187500000014,-8.99543750000001,-8.354250000000011,-7.58100000000001,-6.2791250000000085,-4.852187500000005,-4.190562500000006,-2.7676250000000024,-1.3553125000000015,-0.6065000000000006,0.6844375000000007,1.5326250000000015,2.908937500000003,4.266125000000005,5.022250000000006,6.680937500000008,7.3871875000000085,8.74706250000001,9.59075000000001
33.0,45.0,51.0,66.0,96.0,110.0,139.0,155.0,162.0,170.0,166.0,164.0,161.0,159.0,160.0,159.0,157.0,152.0,166.0,170.0,177.0,176.0,160.0,159.0,137.0,114.0,100.0,75.0,58.0,48.0,42.0,37.0,35.0,32.0,33.0,30.0
80.9995625000001,83.08525000000013,85.40993750000014,86.43762500000014,88.32631250000014,89.60112500000014,91.20531250000013,92.33875000000015,93.47312500000012,94.31281250000013,96.27968750000015,97.26300000000015,99.11156250000015,100.10756250000016,102.20243750000016,103.19662500000015,105.19043750000016,106.23850000000016,108.27250000000018,110.20975000000016,111.19243750000017,113.17781250000016,114.15675000000016,115.14900000000017,117.14356250000016,118.14712500000016,119.15568750000017,121.17681250000017,122.21687500000016,124.21800000000016,125.3283750000002,126.50325000000016,127.95943750000019,129.70025000000015,130.9836250000002,132.67850000000016
27.0,34.0,40.0,46.0,69.0,87.0,109.0,129.0,134.0,137.0,130.0,120.0,102.0,89.0,77.0,73.0,57.0,53.0,57.0,78.0,89.0,113.0,117.0,119.0,116.0,119.0,122.0,118.0,106.0,70.0,58.0,45.0,38.0,34.0,32.0,28.0
16.20112500000002,17.825000000000024,18.796750000000024,19.765250000000023,20.887875000000026,21.800125000000026,22.703437500000028,23.59493750000003,24.472812500000025,25.438000000000038,26.402562500000037,27.255062500000037,27.742812500000035,28.930250000000036,29.42287500000004,30.752312500000038,32.08962500000004,32.90575000000005,33.71487500000005,34.25112500000006,35.060187500000055,35.86687500000005,36.98225000000005,37.79981250000006,38.93912500000006,39.768750000000054,40.610062500000055,41.77206250000006,42.59675000000006,43.477812500000056,44.80862500000006,45.27462500000006,46.39250000000006,47.17006250000007,48.28650000000006,48.972062500000064
32.0,42.0,48.0,50.0,60.0,71.0,83.0,94.0,107.0,120.0,128.0,136.0,146.0,155.0,162.0,162.0,164.0,163.0,153.0,151.0,148.0,135.0,127.0,117.0,101.0,89.0,73.0,56.0,48.0,41.0,37.0,35.0,32.0,30.0,29.0,24.0
-109.39018750000018,-107.61368750000013,-106.42368750000016,-105.23856250000013,-103.19268750000013,-102.06518750000014,-100.88262500000013,-99.66306250000012,-98.62887500000011,-97.8248750000001,-96.83456250000013,-95.63093750000013,-94.65500000000013,-93.46181250000011,-91.75718750000011,-90.79368750000013,-88.86018750000012,-88.07025000000013,-86.91081250000012,-85.92875000000012,-83.83162500000012,-82.8528125000001,-81.9536875000001,-80.95156250000011,-79.90200000000011,-78.9163750000001,-76.94681250000009,-75.9642500000001,-74.9838750000001,-74.00581250000009,-72.84618750000011,-71.08437500000011,-70.19506250000009,-69.05543750000011,-67.9939375000001,-66.7673125000001
45.0,69.0,90.0,107.0,131.0,150.0,176.0,193.0,200.0,206.0,204.0,205.0,199.0,191.0,179.0,179.0,182.0,183.0,192.0,191.0,206.0,193.0,187.0,175.0,157.0,140.0,103.0,83.0,69.0,59.0,45.0,40.0,36.0,34.0,32.0,28.0
-117.65462500000018,-115.61856250000018,-114.64600000000017,-113.59318750000018,-112.62043750000016,-111.59475000000018,-110.57206250000017,-109.59725000000017,-107.61656250000017,-106.61487500000015,-105.61306250000013,-104.60418750000015,-103.60543750000014,-102.60668750000012,-101.60781250000012,-100.60456250000014,-99.61618750000012,-98.61068750000011,-96.61156250000012,-95.60368750000013,-94.61731250000012,-93.61012500000012,-92.60881250000013,-91.61162500000012,-90.61525000000012,-89.61975000000012,-88.59737500000011,-87.51393750000013,-85.59025000000011,-84.67143750000012,-83.59593750000012,-82.60568750000012,-81.79512500000013,-80.4848750000001,-79.49956250000011,-78.73887500000009
30.0,38.0,42.0,52.0,66.0,77.0,90.0,100.0,108.0,114.0,119.0,124.0,126.0,119.0,119.0,118.0,121.0,123.0,121.0,122.0,118.0,118.0,116.0,106.0,95.0,84.0,75.0,53.0,43.0,37.0,35.0,31.0,30.0,29.0,27.0,27.0
58.558937500000084,61.932687500000085,62.854562500000085,64.78950000000009,66.73075000000009,68.57200000000009,69.7590625000001,71.5793125000001,73.5125000000001,73.67093750000011,75.44337500000012,77.1922500000001,78.52987500000012,80.47443750000012,81.84181250000012,83.60225000000014,85.16593750000014,86.74825000000014,89.90193750000013,91.57556250000015,92.74993750000014,94.79050000000015,95.69481250000014,97.89118750000014,98.93450000000016,101.03318750000015,103.16400000000016,104.20368750000016,105.24275000000014,107.31475000000015,108.34525000000015,110.28618750000017,111.52531250000015,113.55500000000015,114.92762500000018,116.51056250000018
30.0,44.0,53.0,80.0,116.0,146.0,173.0,200.0,209.0,210.0,206.0,197.0,189.0,165.0,138.0,105.0,72.0,62.0,82.0,103.0,133.0,166.0,172.0,186.0,188.0,200.0,204.0,196.0,190.0,159.0,137.0,95.0,68.0,54.0,41.0,36.0
111.43525000000015,112.82287500000015,114.17500000000015,115.92187500000017,116.99250000000018,117.96850000000018,118.92575000000016,119.86862500000018,121.18256250000017,122.11156250000018,123.27875000000017,123.81231250000017,124.73131250000017,126.56643750000019,126.94362500000017,128.2273125000002,128.7780000000002,130.41156250000017,130.98106250000023,132.25143750000018,133.5148750000002,134.44506250000023,135.38081250000016,136.6519375000002,137.59856250000018,138.5492500000002,139.50212500000018,140.8161250000002,141.77881250000019,142.7363750000002,143.6836250000002,145.0658750000002,145.99537500000017,147.0515000000002,147.99887500000017,149.54537500000018
27.0,31.0,33.0,34.0,37.0,41.0,50.0,59.0,81.0,95.0,108.0,124.0,125.0,132.0,135.0,133.0,131.0,130.0,133.0,134.0,137.0,135.0,132.0,128.0,122.0,116.0,107.0,97.0,87.0,74.0,61.0,51.0,42.0,38.0,37.0,29.0
117.48125000000017,118.53406250000016,119.45700000000016,120.26843750000019,121.59818750000018,122.47968750000017,123.35206250000017,124.23175000000018,125.11837500000019,126.01156250000018,126.91081250000018,127.81550000000018,128.62762500000017,129.53143750000015,130.43993750000016,131.35218750000018,131.7490625000002,132.66400000000016,133.9791250000002,134.89975000000018,135.3016250000002,136.22681250000016,136.74218750000017,138.0763125000002,138.99743750000016,139.91356250000018,140.8226250000002,141.2680000000002,142.17668750000018,143.0738125000002,143.95681250000018,144.55881250000016,145.83868750000022,146.37787500000022,147.25556250000022,148.1072500000002
25.0,31.0,32.0,33.0,37.0,41.0,51.0,61.0,78.0,95.0,112.0,129.0,135.0,145.0,149.0,150.0,149.0,147.0,146.0,147.0,145.0,150.0,153.0,145.0,141.0,137.0,130.0,120.0,109.0,98.0,76.0,63.0,53.0,46.0,42.0,38.0
-65.7578750000001,-64.48862500000007,-63.04856250000009,-61.79250000000008,-60.92137500000008,-59.94800000000008,-58.68043750000008,-57.71656250000008,-56.83593750000007,-55.949125000000066,-55.05518750000007,-54.153625000000076,-52.78900000000007,-51.876687500000074,-51.434312500000075,-50.09087500000007,-49.17625000000006,-48.25587500000006,-46.92425000000005,-46.52312500000005,-44.82175000000005,-43.905000000000044,-43.52006250000005,-42.447625000000045,-41.14137500000005,-40.221062500000045,-39.44150000000005,-38.39387500000005,-37.09025000000005,-36.261375000000044,-35.38625000000004,-34.023375000000044,-32.688437500000035,-32.31631250000004,-31.02937500000004,-30.28937500000004
36.0,41.0,48.0,66.0,76.0,96.0,119.0,138.0,155.0,157.0,169.0,174.0,172.0,171.0,167.0,162.0,166.0,165.0,164.0,164.0,160.0,153.0,142.0,120.0,95.0,74.0,61.0,54.0,44.0,43.0,39.0,34.0,35.0,33.0,32.0,32.0
-156.46675000000022,-154.51925000000023,-153.43018750000016,-152.33593750000017,-151.4991250000002,-150.12787500000022,-149.27681250000023,-148.42012500000018,-147.0478125000002,-146.1867500000002,-144.81681250000025,-144.46231250000017,-143.4476875000002,-142.43106250000022,-140.7066250000002,-140.19487500000022,-138.47400000000016,-137.9594375000002,-137.10075000000023,-136.24331250000017,-134.8711875000002,-134.01456250000018,-132.64475000000022,-131.78625000000017,-130.9241250000002,-129.55606250000017,-128.1963750000002,-127.71706250000018,-125.97343750000017,-125.52256250000018,-124.18362500000018,-123.26575000000017,-122.32950000000018,-120.76462500000017,-120.04625000000019,-119.07412500000018
36.0,45.0,54.0,72.0,84.0,102.0,108.0,110.0,115.0,114.0,113.0,111.0,112.0,114.0,119.0,120.0,123.0,125.0,119.0,119.0,116.0,114.0,107.0,102.0,95.0,84.0,78.0,71.0,54.0,51.0,38.0,37.0,34.0,33.0,31.0,28.0
-77.71893750000011,-74.9229375000001,-73.36656250000011,-71.99168750000011,-70.7553750000001,-68.94368750000011,-68.0221875000001,-66.7835625000001,-65.8510625000001,-64.27075000000008,-63.02250000000008,-61.12375000000008,-60.17393750000008,-57.63906250000008,-56.06631250000008,-54.782937500000074,-53.118875000000074,-52.16406250000007,-50.275062500000075,-48.934000000000054,-47.57437500000006,-46.64362500000006,-45.26881250000005,-43.879062500000046,-42.47650000000005,-41.06368750000004,-39.643562500000044,-38.21931250000004,-36.79400000000004,-35.32362500000005,-33.391125000000045,-31.70837500000004,-30.88318750000004,-29.00406250000004,-27.639750000000028,-26.58500000000003
41.0,67.0,84.0,116.0,143.0,174.0,187.0,194.0,194.0,190.0,182.0,172.0,159.0,149.0,156.0,162.0,168.0,174.0,178.0,181.0,176.0,170.0,162.0,146.0,131.0,109.0,86.0,67.0,52.0,46.0,38.0,35.0,33.0,31.0,29.0,26.0
85.31281250000013,87.16943750000014,88.79175000000015,89.89306250000014,90.98318750000014,91.85268750000016,93.72131250000014,94.79662500000015,95.93468750000015,96.83525000000014,97.75012500000014,98.79356250000016,100.84212500000015,101.74131250000015,102.75818750000016,103.74056250000017,104.70343750000016,105.67575000000016,107.66868750000016,108.68187500000016,109.69875000000016,110.70556250000017,111.73987500000015,113.75731250000015,114.69525000000017,115.70587500000016,116.78750000000016,117.72868750000016,118.84375000000017,119.87187500000016,121.05306250000017,122.29281250000018,123.36293750000017,124.69718750000017,125.77462500000019,127.46862500000017
30.0,31.0,38.0,46.0,56.0,72.0,91.0,117.0,128.0,138.0,137.0,139.0,139.0,135.0,135.0,127.0,128.0,123.0,126.0,133.0,135.0,142.0,151.0,154.0,151.0,143.0,142.0,127.0,116.0,102.0,78.0,59.0,53.0,43.0,40.0,34.0
108.89787500000017,111.43606250000015,112.34175000000016,114.36675000000017,115.32775000000017,116.47362500000017,117.73156250000018,118.63650000000018,120.06481250000017,121.03318750000017,122.37581250000017,123.77587500000018,124.67537500000017,125.99287500000017,127.28600000000017,128.1550625000002,129.5070625000002,130.7778750000002,131.66362500000017,132.91643750000014,133.81056250000017,135.0508750000002,135.9568750000002,136.8726250000002,138.1168750000002,139.04987500000018,140.3136250000002,141.60300000000018,142.5830000000002,143.94962500000017,144.97743750000018,146.58981250000022,147.5627500000002,148.64162500000018,149.6951875000002,150.9775625000002
24.0,29.0,32.0,33.0,38.0,37.0,42.0,48.0,57.0,64.0,78.0,101.0,118.0,139.0,149.0,158.0,169.0,188.0,191.0,202.0,205.0,205.0,200.0,197.0,190.0,180.0,167.0,148.0,134.0,111.0,95.0,72.0,62.0,54.0,46.0,34.0
41.88693750000006,44.063125000000056,44.793312500000056,45.628875000000065,47.39181250000006,48.48656250000006,49.267062500000065,50.94243750000007,52.046562500000064,52.96337500000007,54.09600000000008,55.25225000000009,56.57987500000009,57.73656250000009,58.63418750000008,59.81956250000009,61.0271250000001,61.61387500000009,63.73131250000009,64.28712500000009,64.97625000000009,66.2393125000001,68.0645000000001,68.4359375000001,69.7336875000001,70.8441875000001,71.9772500000001,73.13731250000009,74.24900000000008,75.4966875000001,76.5258750000001,77.92281250000009,79.0030625000001,80.12037500000011,81.13218750000011,82.33831250000011
24.0,25.0,26.0,29.0,30.0,34.0,38.0,45.0,55.0,63.0,73.0,83.0,99.0,115.0,127.0,133.0,139.0,145.0,149.0,146.0,148.0,141.0,136.0,132.0,120.0,110.0,99.0,83.0,72.0,61.0,55.0,45.0,41.0,34.0,34.0,27.0
-93.87375000000011,-90.84662500000013,-88.99931250000013,-87.69725000000011,-86.16393750000012,-84.54768750000012,-83.3527500000001,-82.60331250000011,-81.42281250000009,-79.47375000000011,-78.1277500000001,-77.14787500000011,-74.98081250000011,-74.19456250000012,-71.99987500000009,-70.02418750000011,-69.04425000000012,-67.1060000000001,-65.8385000000001,-64.54862500000007,-63.58862500000008,-62.281625000000076,-60.766625000000076,-59.46625000000008,-57.77706250000007,-56.473937500000076,-55.026250000000076,-53.558125000000075,-51.671687500000075,-50.35631250000007,-49.101625000000055,-47.639687500000065,-46.07068750000005,-44.756687500000055,-43.016875000000056,-41.92281250000005
28.0,48.0,71.0,89.0,122.0,149.0,154.0,155.0,157.0,149.0,141.0,132.0,121.0,123.0,123.0,127.0,128.0,129.0,132.0,133.0,133.0,131.0,127.0,120.0,96.0,73.0,55.0,42.0,35.0,33.0,31.0,29.0,26.0,27.0,26.0,21.0
45.869625000000056,46.75950000000006,48.13037500000006,49.042875000000066,49.96987500000006,51.35625000000006,52.211812500000065,53.144125000000074,54.08912500000008,55.04650000000008,55.79725000000009,56.74300000000009,57.69825000000009,58.66156250000009,59.63150000000009,60.60625000000009,61.280875000000094,62.2680625000001,62.96243750000009,64.23100000000008,64.78775000000009,65.4765625000001,66.43393750000008,67.38018750000009,68.3128750000001,69.22956250000009,70.4127500000001,71.3118750000001,72.1594375000001,73.1243125000001,73.9978750000001,74.9283125000001,76.0546250000001,76.8503125000001,77.72937500000012,78.7795625000001
29.0,37.0,45.0,51.0,62.0,89.0,93.0,114.0,134.0,144.0,157.0,169.0,174.0,178.0,179.0,179.0,176.0,173.0,162.0,155.0,144.0,138.0,131.0,114.0,105.0,85.0,62.0,48.0,40.0,36.0,32.0,28.0,26.0,25.0,23.0,26.0
-79.01800000000011,-75.6171250000001,-73.99025000000012,-72.66818750000012,-71.12018750000011,-70.3237500000001,-68.14768750000009,-66.79181250000009,-66.28837500000012,-64.9621875000001,-63.24812500000007,-61.921937500000084,-60.61118750000007,-58.826312500000085,-57.52681250000008,-55.13043750000007,-53.832125000000076,-51.94075000000007,-50.66581250000007,-50.349375000000066,-47.50806250000005,-46.26300000000005,-45.31212500000005,-43.408000000000044,-42.833625000000055,-41.50681250000005,-39.97212500000005,-38.37775000000005,-36.808750000000046,-35.58843750000004,-33.98950000000004,-32.021562500000044,-30.52887500000004,-29.55625000000004,-28.21437500000003,-26.84537500000003
24.0,42.0,57.0,80.0,120.0,133.0,146.0,152.0,148.0,142.0,135.0,123.0,117.0,111.0,99.0,107.0,120.0,122.0,119.0,114.0,118.0,122.0,129.0,129.0,128.0,115.0,95.0,73.0,51.0,39.0,33.0,28.0,26.0,24.0,24.0,20.0
-62.17425000000008,-60.789625000000086,-59.300937500000074,-57.488375000000076,-56.25493750000008,-54.733562500000076,-54.21250000000008,-53.08962500000007,-51.35518750000007,-50.39593750000007,-48.637687500000055,-47.29831250000005,-46.392562500000054,-45.02987500000006,-43.712875000000054,-42.37837500000005,-41.486125000000044,-40.160562500000054,-38.81006250000004,-37.50800000000004,-37.04631250000004,-35.70162500000005,-33.96025000000004,-33.478062500000036,-32.12093750000004,-30.759250000000037,-29.769250000000035,-28.52662500000003,-27.16406250000003,-25.89300000000003,-24.044562500000026,-23.608875000000026,-22.260875000000024,-20.761937500000023,-19.929000000000023,-18.32800000000002
31.0,35.0,35.0,35.0,36.0,38.0,39.0,41.0,49.0,48.0,53.0,58.0,61.0,67.0,69.0,71.0,75.0,77.0,81.0,81.0,82.0,81.0,81.0,79.0,76.0,73.0,67.0,61.0,52.0,47.0,40.0,38.0,35.0,34.0,33.0,29.0
60.687062500000096,63.62431250000009,64.90925000000009,66.5549375000001,67.53100000000009,69.4827500000001,70.8107500000001,72.59237500000012,73.9353750000001,75.53350000000009,76.6990625000001,77.8653125000001,79.8345625000001,80.82106250000011,81.80900000000011,83.96206250000013,85.12025000000014,86.10918750000013,88.78156250000013,89.93562500000013,91.80718750000014,93.08275000000015,94.08700000000013,95.09331250000014,97.21306250000013,98.30981250000015,100.30681250000016,101.30656250000017,103.30775000000015,104.18131250000016,106.23987500000015,107.26925000000016,109.29500000000016,111.27225000000017,112.32681250000017,113.32675000000017
34.0,39.0,42.0,47.0,58.0,84.0,113.0,147.0,160.0,177.0,187.0,190.0,192.0,190.0,183.0,174.0,172.0,167.0,154.0,155.0,159.0,161.0,166.0,160.0,138.0,117.0,77.0,65.0,50.0,46.0,40.0,37.0,35.0,35.0,31.0,29.0
-37.142312500000045,-34.91643750000004,-34.19512500000003,-32.11437500000004,-30.70893750000004,-29.301687500000043,-27.92875000000003,-26.53450000000003,-25.07593750000003,-24.406625000000027,-23.004500000000025,-21.602625000000025,-20.852500000000024,-18.80062500000002,-17.277187500000025,-15.86956250000002,-15.235125000000018,-13.209125000000018,-12.435000000000016,-11.037750000000015,-9.642625000000013,-8.24993750000001,-7.4625625000000095,-6.069875000000007,-4.680500000000006,-3.2948750000000033,-1.913625000000002,-0.7680625000000006,0.7565000000000008,1.8948125000000022,3.5529375000000045,5.472375000000007,6.007375000000008,7.564375000000009,8.70275000000001,9.879812500000012
32.0,40.0,41.0,48.0,68.0,91.0,109.0,125.0,135.0,142.0,147.0,143.0,137.0,125.0,126.0,131.0,131.0,137.0,147.0,146.0,140.0,145.0,138.0,130.0,115.0,95.0,78.0,58.0,49.0,45.0,40.0,37.0,35.0,34.0,32.0,28.0
-138.0640625000002,-135.54218750000018,-134.5710625000002,-133.70456250000018,-132.44731250000018,-131.5371875000002,-130.60425000000015,-129.6543750000002,-129.37225000000018,-127.46568750000019,-126.50050000000019,-126.25500000000018,-125.29056250000018,-124.3221875000002,-123.35150000000019,-122.14531250000017,-121.17343750000018,-119.96718750000018,-119.22987500000016,-118.02637500000017,-117.05693750000017,-116.08725000000018,-114.90518750000017,-114.14206250000015,-113.56218750000018,-112.17931250000017,-111.56643750000016,-110.18918750000016,-109.35093750000016,-108.21075000000016,-107.11256250000015,-106.01725000000013,-105.06975000000014,-104.71612500000015,-103.58362500000013,-98.90450000000013
38.0,48.0,54.0,69.0,92.0,111.0,128.0,141.0,145.0,157.0,164.0,164.0,166.0,160.0,162.0,161.0,165.0,165.0,158.0,156.0,155.0,151.0,142.0,131.0,115.0,93.0,73.0,57.0,47.0,42.0,40.0,39.0,35.0,35.0,34.0,28.0
42.31781250000006,44.22593750000006,44.579375000000056,45.51487500000006,47.07606250000006,48.02237500000005,48.644875000000056,49.90868750000007,50.56425000000006,51.509812500000066,52.722562500000066,53.39450000000008,53.99412500000008,54.928875000000076,56.55268750000009,57.48868750000008,58.07262500000009,58.77506250000009,60.06481250000009,60.64350000000009,61.93362500000009,62.508562500000096,63.79968750000009,64.51812500000008,65.45112500000008,66.3841875000001,67.3178125000001,68.25256250000011,69.18887500000008,70.12743750000011,71.3133750000001,72.5284375000001,73.3056250000001,74.19693750000009,75.2108750000001,75.8657500000001
32.0,39.0,43.0,43.0,45.0,47.0,51.0,56.0,62.0,65.0,73.0,78.0,80.0,87.0,97.0,98.0,100.0,101.0,101.0,101.0,98.0,96.0,93.0,83.0,79.0,68.0,59.0,56.0,49.0,45.0,39.0,38.0,34.0,34.0,32.0,32.0
-107.39481250000016,-105.16137500000013,-103.34575000000012,-102.14375000000013,-100.39675000000011,-99.17156250000012,-98.17725000000013,-96.23968750000013,-95.18581250000013,-94.18650000000014,-92.18600000000012,-91.18556250000012,-90.08681250000011,-88.18806250000011,-87.19150000000012,-85.05731250000012,-83.89693750000012,-81.8886250000001,-80.89068750000011,-78.90831250000012,-77.70450000000011,-76.94431250000012,-75.4991875000001,-74.27175000000011,-73.03843750000011,-71.3418125000001,-70.11681250000011,-68.1920000000001,-67.23400000000011,-65.5699375000001,-63.89075000000008,-62.00725000000008,-61.18225000000008,-59.35962500000008,-57.74231250000008,-57.286750000000076
30.0,42.0,48.0,57.0,68.0,95.0,125.0,179.0,194.0,205.0,211.0,217.0,209.0,191.0,182.0,178.0,180.0,205.0,212.0,223.0,228.0,226.0,222.0,211.0,189.0,153.0,121.0,77.0,59.0,51.0,45.0,40.0,37.0,35.0,37.0,32.0
4.119500000000006,5.835000000000008,7.26206250000001,8.69550000000001,9.73731250000001,10.966437500000012,11.819062500000014,13.271000000000015,14.149062500000015,15.59150000000002,16.648312500000017,17.905250000000024,18.409437500000024,20.191000000000024,21.142125000000025,22.021500000000024,22.897625000000026,24.228437500000027,25.553750000000036,26.401375000000037,27.717000000000034,29.03987500000004,30.132500000000043,31.14006250000004,32.33693750000003,33.703250000000054,35.37231250000005,36.64112500000006,36.99100000000006,39.11193750000005,39.41131250000005,41.026562500000054,41.840500000000056,43.26050000000006,44.56725000000006,46.42075000000006
42.0,51.0,60.0,81.0,97.0,125.0,141.0,158.0,169.0,181.0,185.0,185.0,190.0,188.0,185.0,178.0,176.0,176.0,169.0,160.0,148.0,129.0,109.0,81.0,58.0,52.0,41.0,40.0,37.0,37.0,32.0,32.0,31.0,31.0,33.0,30.0
-152.8061875000002,-150.5392500000002,-149.3356250000002,-148.7175000000002,-147.1346250000002,-146.18950000000018,-144.91425000000015,-143.62243750000022,-142.66656250000017,-141.71450000000019,-140.7681250000002,-139.04375000000022,-138.09312500000019,-136.72493750000018,-135.7871250000002,-135.30562500000016,-133.48775000000018,-132.5800000000002,-131.2082500000002,-130.79518750000017,-129.4363125000002,-128.0810625000002,-127.20868750000018,-125.40812500000018,-124.95693750000018,-123.67725000000019,-122.39131250000018,-121.61156250000018,-120.28293750000017,-119.24825000000018,-118.14212500000019,-116.00887500000016,-115.18306250000018,-114.36506250000014,-113.08306250000014,-112.03168750000013
33.0,42.0,47.0,50.0,66.0,87.0,115.0,145.0,151.0,161.0,166.0,163.0,165.0,166.0,164.0,167.0,167.0,173.0,178.0,173.0,169.0,163.0,148.0,136.0,128.0,102.0,81.0,69.0,51.0,45.0,43.0,41.0,38.0,38.0,37.0,33.0
-153.56693750000022,-152.15543750000018,-151.2347500000002,-150.2418750000002,-149.0997500000002,-148.26731250000023,-146.81687500000024,-145.9342500000002,-145.4031250000002,-144.0205000000002,-143.1326875000002,-142.2366875000002,-141.77200000000022,-140.4247500000002,-139.5323750000002,-139.08256250000017,-138.19031250000018,-136.84612500000017,-135.9565625000002,-135.07150000000019,-134.19187500000018,-133.24893750000018,-132.36737500000018,-131.4916250000002,-130.6211875000002,-129.6360625000002,-128.7652500000002,-127.7681250000002,-126.65968750000017,-125.66487500000017,-124.79175000000018,-123.07287500000018,-123.01318750000017,-122.09762500000019,-120.27050000000017,-120.27050000000017
40.0,45.0,46.0,51.0,57.0,67.0,91.0,110.0,128.0,153.0,180.0,185.0,198.0,211.0,214.0,215.0,217.0,214.0,204.0,190.0,176.0,166.0,153.0,141.0,120.0,91.0,76.0,55.0,51.0,44.0,42.0,40.0,39.0,39.0,36.0,36.0
121.44462500000017,123.12162500000017,124.37687500000018,125.88175000000018,127.26493750000016,128.58256250000017,129.3727500000002,130.78412500000016,132.13175000000018,132.8210000000002,134.19281250000017,135.5647500000002,136.93756250000018,137.00443750000017,138.3115625000002,140.4311875000002,141.0656250000002,141.8178750000002,143.97350000000017,145.23312500000023,146.14756250000022,147.42012500000018,148.8478750000002,149.50687500000018,150.29325000000023,151.7596875000002,152.5377500000002,154.02093750000023,155.5231250000002,156.2565625000002,157.86193750000018,158.5632500000002,160.0767500000002,160.96868750000021,162.10431250000022,163.0668125000002
32.0,36.0,36.0,38.0,47.0,57.0,80.0,112.0,143.0,152.0,171.0,175.0,179.0,176.0,173.0,170.0,169.0,166.0,159.0,157.0,160.0,167.0,179.0,177.0,175.0,165.0,156.0,141.0,107.0,96.0,68.0,53.0,42.0,39.0,35.0,32.0
