65.0200625000001,66.9440625000001,68.11268750000009,69.30925000000009,70.59281250000011,72.1996875000001,73.69250000000011,75.8996250000001,76.28425000000011,77.8300625000001,79.9764375000001,81.33243750000013,81.83550000000011,83.39481250000013,85.38187500000015,86.09056250000013,87.30300000000014,88.85906250000012,91.13756250000013,92.05012500000015,92.95662500000014,94.36925000000015,95.90481250000015,98.36225000000015,99.61800000000014,100.03487500000014,102.00712500000014,103.10775000000015,105.20500000000015,106.31581250000015,107.30856250000015,109.29550000000017,110.29043750000018,111.28675000000015,112.39181250000016,113.68393750000017
7.0,9.0,8.0,8.0,8.0,9.0,9.0,10.0,10.0,10.0,10.0,10.0,10.0,10.0,11.0,11.0,11.0,11.0,11.0,11.0,12.0,12.0,12.0,14.0,14.0,14.0,16.0,16.0,24.0,36.0,54.0,73.0,69.0,55.0,37.0,15.0
65.51656250000009,67.1207500000001,68.5151250000001,70.15381250000009,71.2682500000001,72.7381875000001,74.33656250000011,75.7317500000001,77.28956250000012,78.1315000000001,79.69687500000009,80.9775625000001,82.37193750000013,83.21812500000013,84.49775000000014,86.20593750000013,87.34243750000014,88.73368750000014,90.22393750000013,91.47343750000014,92.70043750000015,94.00481250000014,96.42000000000016,96.68606250000015,98.75881250000016,99.55093750000016,100.74793750000016,102.69368750000015,103.57937500000017,105.67900000000014,106.68900000000016,107.69850000000017,109.71012500000015,110.72162500000016,111.62006250000015,112.75606250000017
7.0,8.0,9.0,9.0,10.0,11.0,12.0,13.0,14.0,14.0,14.0,14.0,14.0,13.0,14.0,14.0,14.0,14.0,13.0,14.0,13.0,13.0,14.0,14.0,14.0,14.0,14.0,13.0,12.0,13.0,12.0,12.0,10.0,10.0,9.0,7.0
81.64650000000012,84.04331250000013,85.48668750000014,86.70018750000014,87.80262500000015,88.79187500000015,90.67218750000015,90.77106250000013,92.75456250000015,93.67262500000015,94.67743750000015,95.90518750000015,97.77462500000016,98.78987500000017,99.80150000000015,101.73225000000015,102.72037500000016,103.67318750000015,105.62887500000016,106.61406250000014,107.63668750000015,108.84962500000015,110.65256250000017,111.69000000000017,112.70393750000015,114.68118750000018,115.64650000000017,116.54775000000016,117.81400000000016,119.84462500000018,121.50068750000018,121.86537500000017,123.00118750000017,124.46268750000017,126.15131250000017,127.61456250000019
13.0,16.0,21.0,36.0,56.0,79.0,102.0,109.0,75.0,49.0,32.0,17.0,17.0,15.0,16.0,14.0,13.0,12.0,11.0,11.0,10.0,10.0,10.0,10.0,10.0,10.0,10.0,9.0,9.0,10.0,9.0,9.0,8.0,9.0,8.0,6.0
63.06112500000009,65.7566875000001,66.56818750000009,68.22000000000008,70.7783125000001,71.11875000000009,74.00350000000009,75.1065625000001,77.0851875000001,78.06256250000011,80.1569375000001,81.08281250000012,83.03981250000014,85.04343750000014,86.04612500000013,87.86637500000015,89.85618750000015,90.88712500000014,92.52850000000015,94.87225000000015,95.98543750000015,97.77650000000017,98.74112500000015,100.24750000000014,102.01512500000015,104.15693750000015,104.94993750000016,107.26837500000016,108.39525000000016,111.30462500000016,111.38062500000015,114.23837500000016,115.2378750000002,116.2242500000002,117.76706250000016,119.93200000000016
8.0,9.0,9.0,10.0,11.0,11.0,13.0,13.0,13.0,12.0,14.0,14.0,13.0,14.0,13.0,13.0,13.0,12.0,13.0,12.0,12.0,12.0,12.0,12.0,12.0,13.0,13.0,13.0,12.0,13.0,12.0,15.0,17.0,19.0,15.0,9.0
105.44462500000017,109.01893750000015,110.91531250000016,111.76262500000016,113.13831250000017,114.83300000000017,116.74156250000017,118.44118750000017,120.34918750000017,122.19237500000017,124.47868750000016,127.22193750000018,129.13575000000017,129.6030625000002,131.67800000000017,134.40587500000018,135.52262500000018,137.84043750000018,140.2228750000002,141.09443750000014,143.3267500000002,145.17487500000018,146.25762500000022,148.7789375000002,150.40156250000024,152.1257500000002,153.98587500000022,156.53318750000022,157.8810625000002,160.8711875000002,162.53018750000018,163.91468750000018,164.71925000000022,166.70056250000022,168.73300000000023,170.2562500000002
9.0,21.0,44.0,51.0,46.0,28.0,13.0,11.0,11.0,11.0,11.0,10.0,10.0,9.0,10.0,10.0,10.0,10.0,10.0,10.0,10.0,10.0,9.0,10.0,10.0,10.0,11.0,12.0,12.0,22.0,41.0,56.0,52.0,33.0,14.0,11.0
-15.982750000000019,-13.705125000000017,-12.944750000000017,-11.438437500000015,-10.076437500000011,-9.305187500000011,-7.7337500000000095,-7.09725000000001,-6.310812500000008,-4.904437500000006,-4.125750000000005,-2.890937500000003,-1.4982500000000016,-0.36181250000000026,0.4152500000000004,1.7439375000000017,2.687125000000003,3.904500000000005,5.348437500000006,6.1593125000000075,7.5957500000000095,8.89250000000001,9.73412500000001,11.153562500000012,11.890562500000014,13.175750000000015,14.250125000000015,15.45131250000002,16.67825000000002,17.649437500000026,19.591812500000024,20.319062500000022,21.861750000000026,23.031062500000026,23.58018750000003,24.55318750000003
12.0,14.0,16.0,25.0,37.0,49.0,63.0,63.0,61.0,41.0,29.0,17.0,14.0,13.0,11.0,11.0,11.0,11.0,10.0,10.0,10.0,10.0,10.0,10.0,9.0,10.0,9.0,9.0,10.0,9.0,9.0,9.0,9.0,8.0,8.0,7.0
87.36131250000014,89.37612500000014,91.27868750000015,92.35650000000015,93.34975000000014,94.39662500000014,95.39325000000015,97.38575000000014,98.38156250000016,99.52268750000015,101.20893750000015,102.36100000000016,103.61731250000015,105.52900000000014,106.62662500000016,107.73112500000016,109.05812500000016,110.62881250000017,111.74318750000016,113.14112500000016,114.49356250000018,115.86956250000016,117.26856250000016,118.55093750000016,119.86293750000017,122.12062500000016,123.24843750000018,124.08331250000018,125.66993750000019,126.96881250000017,128.27643750000016,129.45868750000017,131.74593750000014,132.7375625000002,134.0550625000002,134.87437500000019
12.0,17.0,27.0,50.0,65.0,78.0,76.0,50.0,33.0,19.0,15.0,14.0,15.0,14.0,13.0,13.0,11.0,11.0,11.0,10.0,10.0,10.0,10.0,9.0,10.0,10.0,10.0,9.0,9.0,9.0,9.0,8.0,9.0,9.0,8.0,7.0
-122.8522500000002,-119.73562500000017,-117.50212500000018,-116.48725000000016,-113.30575000000016,-112.56143750000017,-110.48012500000019,-108.20075000000017,-106.20200000000014,-104.40756250000014,-102.06187500000013,-99.32450000000014,-98.54950000000014,-94.63350000000013,-94.43706250000012,-92.09487500000012,-90.31350000000012,-86.71106250000011,-86.03812500000012,-83.20431250000011,-82.20437500000011,-78.80987500000012,-76.85831250000011,-76.0943125000001,-72.9418750000001,-71.9198750000001,-69.12831250000009,-68.0282500000001,-65.0765000000001,-64.08637500000009,-62.10775000000008,-59.11918750000008,-58.129875000000084,-56.15625000000008,-54.189125000000075,-52.17087500000008
7.0,11.0,13.0,13.0,15.0,14.0,13.0,14.0,14.0,15.0,14.0,14.0,13.0,15.0,14.0,14.0,14.0,14.0,14.0,16.0,15.0,16.0,16.0,15.0,16.0,16.0,17.0,16.0,16.0,15.0,16.0,19.0,20.0,17.0,11.0,10.0
43.28018750000005,47.04981250000006,49.218437500000064,50.69600000000006,51.69750000000007,53.814937500000084,54.90662500000009,56.87456250000008,58.378562500000086,60.19962500000008,62.21350000000009,64.28962500000009,66.4656250000001,67.44568750000009,70.2351250000001,71.82068750000009,72.94443750000012,74.80668750000011,76.53331250000011,79.37281250000011,80.30793750000011,81.95243750000013,83.86450000000013,85.51562500000014,87.30450000000013,89.11568750000013,91.24237500000015,92.87775000000015,94.75375000000014,96.36562500000014,99.54125000000015,101.49275000000014,102.76393750000015,103.76606250000016,105.82800000000015,107.11675000000017
14.0,28.0,60.0,83.0,97.0,80.0,55.0,21.0,15.0,13.0,15.0,13.0,11.0,10.0,10.0,10.0,10.0,10.0,10.0,10.0,10.0,9.0,9.0,9.0,10.0,10.0,10.0,10.0,10.0,10.0,14.0,19.0,23.0,21.0,15.0,10.0
80.45762500000009,83.44718750000014,84.44262500000013,86.45000000000013,87.44850000000014,88.44700000000014,90.44418750000014,92.44131250000014,93.40787500000016,95.62106250000015,96.59125000000014,98.60625000000014,100.47662500000015,101.57887500000015,103.42218750000016,104.65637500000017,106.74193750000016,107.89706250000016,109.40118750000016,111.30725000000017,112.64850000000015,114.46331250000017,115.87793750000016,117.67418750000017,120.54350000000017,120.95468750000016,122.67300000000017,124.82550000000018,126.26937500000017,127.39106250000016,128.7875625000002,130.43250000000018,132.1913125000002,133.87981250000018,136.0663750000002,137.0135000000002
11.0,38.0,58.0,98.0,101.0,86.0,38.0,17.0,15.0,15.0,15.0,14.0,12.0,11.0,11.0,10.0,11.0,10.0,10.0,10.0,11.0,11.0,11.0,10.0,11.0,10.0,10.0,11.0,10.0,10.0,9.0,9.0,9.0,7.0,8.0,7.0
-40.81806250000005,-37.96362500000005,-36.89193750000004,-34.90700000000004,-34.08425000000004,-33.26425000000004,-31.854000000000042,-30.228000000000037,-28.817875000000036,-27.40400000000003,-25.80856250000003,-23.773500000000027,-22.055125000000025,-21.426625000000026,-20.019937500000026,-18.21393750000002,-16.32762500000002,-15.354750000000019,-13.928687500000017,-12.213500000000016,-10.897875000000013,-9.580250000000012,-7.32606250000001,-6.573375000000009,-3.9761250000000046,-3.1118125000000028,-2.230000000000002,-0.5929375000000006,0.7540000000000008,2.6897500000000027,4.0158125000000044,5.175125000000007,7.313125000000008,8.410812500000011,9.63468750000001,10.760937500000011
15.0,23.0,41.0,78.0,95.0,98.0,76.0,38.0,23.0,17.0,15.0,17.0,16.0,14.0,14.0,13.0,13.0,12.0,12.0,12.0,12.0,11.0,12.0,12.0,12.0,12.0,11.0,11.0,11.0,10.0,11.0,10.0,10.0,9.0,8.0,8.0
6.3535000000000075,9.71206250000001,11.480687500000013,13.291812500000015,15.092437500000019,15.514812500000021,17.329000000000022,19.15656250000002,20.866562500000022,22.52675000000003,24.319187500000027,26.30993750000004,28.09137500000004,29.78406250000004,31.57456250000004,33.27131250000005,35.00650000000005,36.782937500000045,38.39725000000006,41.41643750000006,43.504312500000054,43.794500000000056,45.97350000000006,48.18543750000006,49.26443750000006,50.95600000000007,52.597625000000065,54.273250000000075,56.17468750000009,59.10806250000009,60.691687500000086,62.94156250000009,63.86631250000009,65.76912500000009,66.61506250000009,68.48831250000009
15.0,23.0,41.0,73.0,96.0,90.0,65.0,31.0,17.0,15.0,14.0,15.0,13.0,12.0,11.0,11.0,11.0,11.0,11.0,11.0,11.0,11.0,10.0,11.0,11.0,10.0,10.0,10.0,10.0,10.0,10.0,10.0,9.0,9.0,8.0,7.0
-158.90187500000022,-156.80512500000023,-155.3003125000002,-154.2702500000002,-153.15956250000022,-151.80275000000023,-150.0322500000002,-148.68506250000024,-147.5059375000002,-146.15818750000017,-144.58643750000022,-143.42568750000015,-141.00968750000015,-140.15912500000022,-138.43243750000022,-136.66137500000022,-136.24756250000019,-134.8374375000002,-133.45731250000023,-132.0629375000002,-129.5130000000002,-129.05375000000015,-127.48806250000018,-125.94006250000018,-124.89087500000016,-123.04775000000018,-121.11937500000016,-119.85981250000016,-118.27412500000017,-116.74350000000017,-115.47793750000017,-114.92500000000017,-113.66612500000016,-112.38537500000015,-111.07643750000018,-109.58568750000016
10.0,12.0,12.0,13.0,13.0,14.0,14.0,15.0,14.0,14.0,15.0,14.0,15.0,16.0,15.0,15.0,14.0,14.0,14.0,14.0,16.0,16.0,16.0,17.0,17.0,17.0,19.0,20.0,34.0,74.0,85.0,73.0,46.0,23.0,12.0,11.0
57.17756250000008,60.452500000000086,62.12287500000009,63.50700000000009,64.66193750000009,65.55131250000008,67.68118750000009,68.6853125000001,70.52893750000008,72.4486875000001,73.51543750000009,75.31531250000009,76.7232500000001,78.4946875000001,81.14925000000011,81.51937500000011,83.18262500000014,84.71981250000015,86.34425000000014,88.08618750000014,89.96893750000014,91.92556250000014,92.90143750000014,94.58906250000014,96.19137500000016,98.78125000000016,100.41325000000015,100.70556250000014,102.81875000000016,104.23831250000015,105.88043750000016,108.00800000000015,109.16306250000015,111.31393750000016,111.84962500000017,113.77006250000015
15.0,27.0,48.0,102.0,117.0,117.0,68.0,43.0,19.0,15.0,15.0,14.0,12.0,12.0,11.0,10.0,11.0,11.0,10.0,10.0,10.0,10.0,10.0,10.0,10.0,10.0,10.0,9.0,9.0,9.0,9.0,10.0,9.0,9.0,8.0,7.0
-160.96431250000023,-158.5081250000002,-157.1401250000002,-156.2984375000002,-155.4528750000002,-154.0825000000002,-152.71425000000016,-151.8618125000002,-150.14950000000022,-149.1270625000002,-147.9193750000002,-146.54987500000018,-145.3326875000002,-142.9513125000002,-142.7410000000002,-141.22518750000017,-140.0685625000002,-138.48906250000022,-137.4773125000002,-135.39612500000018,-134.5352500000002,-132.6573750000002,-132.1465625000002,-130.9390625000002,-129.5690625000002,-128.3729375000002,-127.16175000000018,-124.92650000000017,-124.40187500000019,-123.21943750000018,-121.72775000000019,-120.14468750000016,-119.39212500000019,-116.84800000000017,-116.77931250000016,-115.46262500000017
10.0,21.0,32.0,37.0,36.0,31.0,22.0,18.0,16.0,15.0,16.0,16.0,17.0,17.0,15.0,15.0,14.0,15.0,15.0,15.0,16.0,16.0,15.0,15.0,15.0,13.0,14.0,14.0,13.0,12.0,11.0,11.0,9.0,9.0,8.0,8.0
114.32943750000017,116.14331250000016,118.56318750000017,119.40668750000016,121.32781250000018,122.75156250000016,124.09337500000018,125.65818750000018,127.16487500000017,128.81962500000017,130.32818750000018,132.2997500000002,133.86831250000017,136.05581250000017,136.85162500000018,139.66356250000018,140.4551250000002,141.86831250000017,143.1500000000002,144.71406250000018,147.65350000000018,148.14437500000017,149.7607500000002,151.1270625000002,153.9463750000002,155.4685625000002,156.21156250000018,157.4708125000002,160.3550000000002,161.8738750000002,163.27437500000022,163.90706250000022,165.4335000000002,167.32893750000022,168.7308750000002,170.2406875000002
8.0,9.0,10.0,9.0,9.0,9.0,9.0,10.0,9.0,9.0,10.0,10.0,10.0,10.0,10.0,10.0,10.0,10.0,11.0,10.0,11.0,10.0,12.0,11.0,12.0,12.0,13.0,13.0,22.0,43.0,64.0,71.0,57.0,31.0,19.0,14.0
111.54525000000017,114.80068750000017,116.07500000000016,117.26768750000016,118.65450000000018,119.52281250000017,120.41393750000016,121.79143750000019,122.70087500000017,124.05131250000017,125.38200000000018,126.81175000000017,127.7343750000002,129.05150000000015,130.7590625000002,131.78425000000016,132.8862500000002,134.2258125000002,135.75200000000018,137.42381250000017,138.7920625000002,140.0538750000002,140.60687500000017,141.8505625000002,143.7565000000002,144.74562500000022,145.6273125000002,147.7336875000002,148.5960625000002,149.7435000000002,151.19218750000016,152.0690625000002,153.4560000000002,155.27362500000018,156.22575000000018,157.1206875000002
11.0,16.0,24.0,48.0,86.0,114.0,130.0,120.0,97.0,54.0,26.0,20.0,18.0,17.0,15.0,14.0,12.0,11.0,11.0,11.0,12.0,11.0,11.0,10.0,11.0,10.0,9.0,10.0,10.0,10.0,10.0,9.0,9.0,9.0,9.0,9.0
-157.5855000000002,-155.8441875000002,-155.3281250000002,-153.1898125000002,-152.19693750000022,-151.31481250000024,-150.91637500000022,-149.3578125000002,-148.6981875000002,-146.84112500000023,-146.1809375000002,-144.9524375000002,-144.0896250000002,-142.7051875000002,-141.95793750000018,-140.6940625000002,-139.31975000000017,-138.48331250000018,-136.8493750000002,-136.3011250000002,-135.17600000000016,-134.05106250000023,-132.9555625000002,-131.81762500000016,-130.65593750000016,-129.3470000000002,-127.79250000000019,-126.9545625000002,-125.35806250000019,-124.31931250000018,-123.97437500000018,-122.61800000000018,-121.7501875000002,-120.76681250000017,-119.63487500000016,-118.20737500000018
7.0,9.0,9.0,10.0,10.0,11.0,11.0,11.0,10.0,11.0,12.0,12.0,11.0,11.0,10.0,11.0,11.0,11.0,11.0,10.0,11.0,12.0,11.0,11.0,11.0,11.0,11.0,11.0,11.0,11.0,9.0,9.0,8.0,9.0,8.0,6.0
96.88731250000015,99.20675000000014,100.46456250000016,101.44731250000015,102.75731250000015,103.69456250000015,104.64925000000015,105.61987500000015,106.90193750000016,107.88187500000015,109.12612500000014,110.33950000000016,111.88806250000015,113.09662500000016,114.44925000000016,115.27156250000017,116.71693750000016,118.12506250000017,119.26125000000017,120.51018750000017,121.37618750000017,122.61125000000017,123.84850000000017,125.84793750000019,126.44662500000018,127.57337500000017,129.1936250000002,130.05612500000015,131.71393750000016,132.7060000000002,133.69168750000017,134.9456250000002,136.18556250000023,138.5037500000002,138.86806250000018,139.87562500000018
10.0,12.0,14.0,24.0,45.0,71.0,90.0,89.0,54.0,34.0,20.0,21.0,18.0,18.0,16.0,15.0,15.0,15.0,14.0,15.0,14.0,15.0,15.0,15.0,14.0,13.0,14.0,13.0,14.0,15.0,14.0,12.0,11.0,11.0,10.0,8.0
16.71518750000002,18.682125000000024,18.888937500000026,20.631125000000022,21.032250000000026,22.69918750000003,23.155562500000023,24.026625000000028,25.345187500000037,26.214187500000037,27.536750000000037,28.960937500000043,29.34931250000004,30.33006250000004,31.70775000000004,32.268375000000034,33.43531250000005,35.26718750000005,36.09237500000005,36.516000000000055,37.96150000000005,38.49268750000006,39.61050000000005,40.68775000000006,41.51531250000005,42.60937500000006,43.72100000000006,44.824562500000056,45.92856250000007,46.76425000000006,48.11393750000006,48.69775000000006,50.386625000000066,51.34506250000007,52.105437500000065,52.81950000000007
10.0,12.0,12.0,13.0,13.0,13.0,13.0,13.0,13.0,13.0,13.0,13.0,13.0,13.0,12.0,12.0,12.0,13.0,12.0,12.0,12.0,12.0,12.0,11.0,12.0,12.0,11.0,12.0,11.0,11.0,11.0,10.0,9.0,9.0,9.0,8.0
-10.807625000000016,-8.750312500000012,-7.24087500000001,-6.406125000000008,-4.9423750000000055,-4.324125000000005,-2.125625000000002,-1.5319375000000015,-0.11393750000000005,0.866875000000001,2.2366250000000027,3.4114375000000043,5.040937500000005,6.281875000000008,7.208937500000008,9.118750000000011,9.887062500000011,11.882125000000013,13.532750000000014,14.259625000000014,14.979437500000019,16.328062500000016,18.419937500000024,19.15056250000002,20.539500000000025,21.261500000000026,23.378937500000028,24.83093750000004,26.245687500000038,27.636625000000038,28.38975000000004,29.84175000000004,30.63406250000004,32.11481250000004,32.961062500000054,34.20137500000004
7.0,11.0,13.0,14.0,13.0,12.0,11.0,11.0,11.0,11.0,11.0,11.0,11.0,11.0,11.0,11.0,13.0,12.0,12.0,13.0,12.0,12.0,13.0,13.0,13.0,13.0,14.0,16.0,24.0,35.0,50.0,59.0,56.0,35.0,25.0,14.0
-107.41687500000015,-105.01125000000013,-104.04418750000015,-103.05487500000012,-102.07256250000013,-101.08975000000012,-100.10731250000013,-98.89537500000012,-97.75543750000013,-96.47406250000013,-95.36137500000012,-94.07037500000013,-92.75562500000012,-91.76812500000014,-90.61431250000014,-89.46412500000014,-87.82937500000011,-86.68531250000011,-85.17400000000012,-84.13643750000013,-82.8887500000001,-81.24531250000011,-80.77350000000011,-79.9044375000001,-78.45187500000011,-77.01537500000012,-76.0112500000001,-75.0078750000001,-73.9115625000001,-71.91725000000011,-71.55431250000011,-69.93050000000011,-68.34475000000009,-67.95531250000009,-66.7604375000001,-65.65012500000009
9.0,17.0,26.0,40.0,53.0,51.0,40.0,24.0,14.0,12.0,11.0,11.0,11.0,10.0,10.0,10.0,10.0,10.0,11.0,10.0,10.0,10.0,10.0,10.0,10.0,10.0,10.0,10.0,10.0,10.0,9.0,9.0,9.0,8.0,8.0,7.0
110.11293750000014,113.40756250000017,114.82950000000017,116.63587500000017,117.19318750000016,118.64600000000016,120.28693750000018,121.84575000000018,123.74025000000017,124.90706250000018,127.80037500000017,128.9416250000002,129.91325000000018,131.42987500000018,134.3717500000002,134.83981250000016,136.31537500000016,138.15593750000016,140.00500000000022,142.47993750000018,142.8310625000002,144.58931250000023,146.3853750000002,147.6206875000002,150.0322500000002,151.7323750000002,152.6360625000002,155.1838750000002,157.02118750000022,158.9227500000002,160.1977500000002,161.6201875000002,162.2326250000002,163.87043750000015,166.02956250000022,167.4601250000002
8.0,13.0,24.0,35.0,35.0,28.0,18.0,13.0,12.0,11.0,12.0,11.0,11.0,11.0,11.0,11.0,11.0,11.0,11.0,12.0,11.0,11.0,11.0,11.0,12.0,13.0,13.0,14.0,18.0,41.0,68.0,85.0,83.0,53.0,25.0,14.0
-161.18056250000024,-158.96812500000019,-157.88875000000024,-157.05225000000019,-156.2146875000002,-155.12937500000024,-153.9988750000002,-152.6131875000002,-151.80275000000023,-150.45231250000023,-149.0997500000002,-148.18775000000022,-146.7911875000002,-145.58193750000015,-144.59481250000022,-143.1935000000002,-142.2680625000002,-141.15187500000022,-139.73468750000018,-138.96912500000022,-137.55775000000017,-136.2418750000002,-135.48768750000016,-134.0777500000002,-133.1408125000002,-132.02168750000016,-130.63225000000017,-129.51118750000018,-128.50193750000017,-127.13443750000017,-125.58081250000016,-125.02156250000017,-123.67531250000017,-122.67218750000019,-121.45181250000017,-120.34181250000016
21.0,59.0,71.0,76.0,65.0,43.0,26.0,20.0,18.0,18.0,17.0,17.0,17.0,16.0,15.0,15.0,15.0,15.0,14.0,15.0,15.0,14.0,14.0,15.0,13.0,14.0,14.0,12.0,12.0,12.0,11.0,10.0,9.0,9.0,8.0,7.0
-162.4862500000002,-161.2406875000002,-159.11718750000023,-158.4166875000002,-157.47075000000024,-156.18218750000017,-154.54243750000023,-153.38731250000023,-152.37143750000018,-151.11718750000017,-149.36462500000022,-148.1385625000002,-147.2228125000002,-145.69443750000022,-144.53587500000017,-142.79243750000023,-142.2105000000002,-140.4698750000002,-139.30668750000018,-138.37312500000021,-136.9765000000002,-134.9923125000002,-133.7294375000002,-132.40250000000017,-130.9833750000002,-129.95368750000017,-128.53318750000017,-127.72318750000018,-126.9183125000002,-125.49450000000019,-124.06275000000016,-123.14212500000019,-121.84331250000018,-120.40493750000017,-118.96143750000017,-118.19993750000017
8.0,8.0,10.0,9.0,9.0,9.0,9.0,9.0,9.0,10.0,10.0,10.0,10.0,10.0,10.0,10.0,10.0,11.0,11.0,12.0,13.0,14.0,16.0,19.0,29.0,49.0,78.0,85.0,87.0,73.0,49.0,28.0,18.0,13.0,11.0,10.0
-6.476812500000008,-4.058375000000005,-3.3418750000000035,-2.048250000000002,-0.9212500000000009,0.38637500000000036,2.3418125000000027,2.739500000000003,4.0954375000000045,5.298312500000007,6.840625000000008,8.08112500000001,9.34193750000001,10.749750000000013,11.901687500000014,12.925687500000015,14.70800000000002,16.50900000000002,17.277750000000022,19.09018750000002,20.520062500000023,21.020312500000024,21.953812500000026,24.028562500000028,25.462812500000034,27.08218750000004,28.33068750000004,29.14800000000004,30.58481250000004,32.01862500000004,32.616875000000036,34.03787500000006,34.87356250000005,36.29306250000006,37.42787500000006,38.822187500000055
7.0,9.0,9.0,10.0,10.0,10.0,11.0,11.0,11.0,11.0,11.0,11.0,11.0,12.0,11.0,12.0,12.0,13.0,12.0,12.0,13.0,14.0,14.0,18.0,19.0,25.0,37.0,55.0,92.0,117.0,121.0,92.0,69.0,34.0,17.0,14.0
97.48606250000016,99.79118750000015,101.87775000000016,102.77700000000016,103.95881250000015,105.82950000000017,106.73368750000016,108.40000000000015,110.70356250000016,111.17775000000016,113.30912500000017,114.66650000000018,115.51418750000016,117.12918750000017,118.58887500000017,120.09575000000017,122.24712500000015,124.10606250000016,125.30493750000018,126.23962500000016,127.41443750000018,129.08006250000017,130.24418750000018,132.3477500000002,133.30775000000017,135.0688125000002,136.67325000000022,138.75087500000018,140.1766250000002,141.6100625000002,143.4119375000002,144.42131250000023,145.7426250000002,146.76212500000017,148.17606250000023,149.6736875000002
8.0,9.0,10.0,10.0,11.0,12.0,11.0,12.0,12.0,12.0,12.0,13.0,12.0,12.0,12.0,13.0,14.0,17.0,23.0,23.0,21.0,15.0,14.0,14.0,13.0,14.0,14.0,14.0,15.0,18.0,33.0,47.0,53.0,50.0,35.0,19.0
-35.02487500000005,-32.90581250000004,-31.541687500000045,-30.16475000000004,-29.50962500000004,-28.10350000000003,-26.69218750000003,-25.986062500000024,-24.532375000000027,-23.225562500000024,-21.84256250000002,-20.45793750000002,-19.52081250000002,-18.210125000000023,-15.753687500000018,-15.536437500000018,-13.213375000000017,-12.907500000000017,-11.307187500000014,-10.233687500000011,-8.65093750000001,-7.244437500000009,-6.452500000000009,-5.230000000000006,-3.7547500000000045,-2.6058125000000025,-1.2856250000000014,0.8220625000000008,2.2331875000000023,3.789562500000005,3.971437500000005,5.211125000000007,7.524875000000009,8.28631250000001,9.21775000000001,10.325437500000012
29.0,74.0,104.0,112.0,105.0,69.0,36.0,28.0,17.0,14.0,13.0,13.0,13.0,11.0,11.0,10.0,11.0,10.0,10.0,11.0,10.0,10.0,9.0,9.0,9.0,9.0,9.0,10.0,9.0,9.0,8.0,8.0,8.0,8.0,8.0,6.0
-48.457750000000054,-45.66868750000005,-44.549375000000055,-43.38306250000005,-41.952437500000045,-40.670625000000044,-39.26843750000005,-37.46831250000005,-36.66087500000005,-35.056375000000045,-34.03850000000004,-32.63225000000004,-30.659500000000037,-29.451062500000035,-28.24737500000003,-26.46356250000003,-24.269000000000027,-23.675125000000026,-22.496437500000027,-20.896750000000026,-18.70556250000002,-17.32218750000002,-16.18875000000002,-14.566375000000019,-12.927437500000016,-11.282687500000014,-9.925437500000012,-8.572312500000011,-6.919000000000009,-6.396562500000009,-5.049187500000006,-3.7054375000000044,-2.5375625000000026,-1.004687500000001,0.5097500000000005,1.7221250000000017
8.0,11.0,12.0,12.0,13.0,13.0,13.0,13.0,13.0,13.0,13.0,13.0,13.0,13.0,13.0,15.0,15.0,15.0,14.0,15.0,15.0,16.0,17.0,18.0,20.0,25.0,43.0,81.0,130.0,134.0,101.0,52.0,26.0,15.0,12.0,11.0
60.60825000000008,62.20550000000009,63.48362500000009,64.27612500000009,65.5845625000001,66.9781875000001,68.96162500000008,69.19462500000009,70.63437500000012,71.82681250000009,73.5362500000001,74.5114375000001,75.7263750000001,76.48043750000012,77.69431250000011,79.09337500000012,80.6917500000001,82.38512500000013,82.55312500000014,84.89175000000014,85.90187500000013,86.68137500000014,87.71031250000014,89.66068750000015,90.93787500000013,92.01893750000015,92.84412500000013,93.82825000000015,95.67231250000015,96.71981250000015,97.65943750000015,98.45756250000015,99.64037500000015,101.07831250000015,102.28193750000015,103.25031250000015
7.0,9.0,10.0,10.0,11.0,11.0,12.0,12.0,12.0,13.0,13.0,13.0,13.0,12.0,12.0,13.0,13.0,13.0,13.0,13.0,13.0,12.0,13.0,14.0,14.0,15.0,14.0,17.0,25.0,24.0,19.0,14.0,10.0,10.0,8.0,7.0
46.95312500000007,49.54362500000006,51.36281250000006,52.51000000000007,53.49543750000008,54.47862500000008,56.43743750000009,57.41256250000008,59.01912500000009,60.319062500000086,62.055875000000086,63.19475000000009,64.6905625000001,66.2506875000001,67.60368750000009,69.0824375000001,70.76531250000009,72.4056875000001,73.74400000000009,76.1631250000001,77.03237500000012,78.9291875000001,79.8770625000001,82.08112500000013,83.69081250000015,83.99337500000013,85.33062500000014,87.61056250000014,89.17131250000014,90.67831250000015,92.45637500000015,93.68406250000014,94.70781250000014,95.74225000000015,96.99456250000016,98.10931250000014
10.0,32.0,56.0,74.0,69.0,51.0,21.0,16.0,14.0,13.0,14.0,13.0,12.0,12.0,11.0,11.0,12.0,12.0,12.0,14.0,13.0,13.0,13.0,14.0,16.0,15.0,17.0,19.0,26.0,51.0,117.0,147.0,120.0,82.0,30.0,14.0
-150.4772500000002,-147.9957500000002,-147.4481250000002,-146.38862500000022,-145.06831250000022,-143.61750000000018,-141.64206250000018,-141.0065625000002,-139.3491875000002,-137.8530625000002,-137.6041250000002,-136.16300000000018,-134.9558125000002,-133.5006875000002,-132.27387500000017,-131.12737500000017,-129.05587500000016,-128.6800625000002,-127.4241250000002,-125.19087500000018,-124.8402500000002,-123.31431250000018,-121.85550000000018,-121.22575000000018,-119.77131250000018,-118.44831250000017,-116.71231250000018,-115.40362500000018,-114.51075000000014,-113.61943750000017,-111.63843750000017,-110.92256250000015,-109.97012500000017,-108.69287500000016,-107.16025000000016,-106.17968750000013
10.0,14.0,13.0,15.0,14.0,15.0,16.0,15.0,16.0,16.0,15.0,15.0,14.0,15.0,14.0,14.0,14.0,14.0,13.0,14.0,14.0,14.0,14.0,14.0,14.0,14.0,13.0,13.0,13.0,12.0,11.0,10.0,9.0,8.0,9.0,8.0
0.8087500000000009,3.6334375000000048,4.4728750000000055,6.6734375000000075,7.2395000000000085,8.50131250000001,10.213062500000012,12.637187500000014,13.181250000000015,14.87606250000002,16.805500000000023,18.12268750000002,20.716125000000023,21.417500000000025,22.925562500000026,25.351250000000036,26.377375000000036,27.70293750000004,30.207937500000043,30.34975000000004,32.33450000000004,34.69206250000005,36.44887500000006,37.864000000000054,38.983250000000055,40.69031250000006,42.40643750000005,43.82600000000006,45.77087500000006,47.16618750000006,48.04787500000006,48.93850000000006,50.81543750000006,52.148062500000066,53.986750000000086,54.90318750000009
8.0,10.0,10.0,11.0,12.0,11.0,12.0,13.0,12.0,12.0,13.0,13.0,14.0,13.0,13.0,14.0,13.0,14.0,14.0,14.0,15.0,15.0,17.0,17.0,19.0,22.0,28.0,45.0,111.0,157.0,187.0,182.0,111.0,57.0,23.0,18.0
-159.68887500000025,-156.8829375000002,-155.55993750000022,-153.23812500000017,-150.9645000000002,-149.18056250000018,-148.2715000000002,-146.0335625000002,-145.6572500000002,-144.0207500000002,-142.2686250000002,-140.35787500000018,-137.48068750000022,-136.5315000000002,-134.96156250000018,-133.3706875000002,-132.08568750000018,-130.23393750000014,-128.63993750000014,-126.09650000000019,-125.14175000000017,-122.62606250000017,-120.29887500000018,-119.69950000000017,-117.80756250000017,-116.30193750000018,-114.45150000000017,-113.14937500000016,-110.52143750000018,-108.78556250000017,-106.95100000000016,-106.04025000000013,-104.70762500000012,-102.90012500000014,-100.64318750000014,-99.77287500000011
8.0,11.0,12.0,14.0,14.0,14.0,14.0,14.0,14.0,14.0,13.0,12.0,14.0,14.0,14.0,13.0,13.0,13.0,13.0,13.0,13.0,14.0,14.0,13.0,14.0,14.0,15.0,14.0,16.0,24.0,46.0,51.0,36.0,14.0,10.0,8.0
97.19268750000016,100.55825000000016,102.65312500000016,104.55050000000017,106.38468750000017,107.70231250000016,108.59937500000015,110.37112500000015,112.14768750000016,113.91056250000018,115.67631250000017,117.48568750000017,119.22662500000018,121.44756250000016,123.15825000000017,124.69606250000017,126.57275000000018,128.62212500000018,130.51000000000016,133.3263125000002,135.0763125000002,135.6309375000002,138.32018750000015,139.27681250000018,141.8451250000002,144.3092500000002,145.83756250000022,146.6570000000002,149.04050000000018,150.3425625000002,152.2825000000002,155.6868125000002,156.09018750000018,158.4190000000002,159.4125000000002,161.3287500000002
11.0,15.0,23.0,54.0,98.0,121.0,118.0,68.0,26.0,17.0,15.0,15.0,13.0,13.0,12.0,12.0,11.0,11.0,11.0,11.0,11.0,11.0,12.0,11.0,11.0,11.0,11.0,10.0,10.0,10.0,10.0,10.0,9.0,9.0,8.0,7.0
77.90487500000009,81.13000000000011,82.33106250000013,83.38762500000013,85.65331250000014,86.38993750000013,88.25293750000013,89.94550000000015,91.79112500000014,93.30450000000016,93.60475000000014,95.15600000000015,96.67231250000015,98.83987500000015,99.58762500000014,101.45506250000015,103.54962500000016,104.38618750000016,106.43900000000016,107.42212500000016,109.38937500000017,111.35718750000017,112.16162500000016,114.25525000000016,115.11931250000016,116.29175000000016,118.04962500000016,120.30168750000017,121.29075000000017,122.38750000000016,124.36875000000018,125.48331250000017,127.46143750000017,128.8353750000002,130.17693750000018,132.0538750000002
9.0,9.0,10.0,11.0,14.0,15.0,16.0,18.0,18.0,18.0,18.0,17.0,18.0,19.0,18.0,18.0,19.0,17.0,17.0,17.0,19.0,19.0,18.0,19.0,19.0,18.0,17.0,18.0,16.0,16.0,15.0,15.0,13.0,13.0,10.0,9.0
96.14225000000015,97.51543750000015,99.33975000000015,99.89987500000015,101.09162500000016,102.27706250000016,103.80087500000016,104.56900000000016,105.74650000000017,106.52568750000016,107.92512500000015,109.38831250000015,110.00456250000018,111.45843750000016,112.29093750000017,113.81450000000018,115.71531250000015,115.85037500000018,117.64193750000017,118.09637500000017,119.21168750000017,121.46350000000018,122.33543750000017,122.92525000000016,123.92356250000016,125.60062500000018,127.09975000000017,127.67525000000018,128.52431250000018,130.62450000000018,131.6698750000002,131.97243750000018,133.0403125000002,134.4893750000002,135.5539375000002,137.0888750000002
7.0,7.0,8.0,9.0,8.0,8.0,9.0,8.0,8.0,8.0,8.0,9.0,9.0,9.0,8.0,10.0,14.0,12.0,12.0,9.0,9.0,10.0,9.0,9.0,9.0,9.0,10.0,11.0,14.0,19.0,25.0,25.0,25.0,19.0,14.0,8.0
-156.13687500000023,-154.2665000000002,-152.53875000000022,-151.5145000000002,-150.56537500000022,-149.3396875000002,-147.5916250000002,-146.7177500000002,-145.42025000000018,-144.0283125000002,-142.3235625000002,-141.4120000000002,-140.35881250000023,-138.26712500000016,-137.2075000000002,-136.42443750000018,-134.5857500000002,-133.5537500000002,-132.7561250000002,-131.0316250000002,-129.78887500000022,-127.88293750000018,-126.49293750000018,-126.12893750000018,-124.79525000000018,-122.50631250000019,-121.2381250000002,-119.92575000000016,-119.03106250000017,-117.63281250000016,-117.23675000000017,-115.95475000000016,-114.51162500000015,-113.24387500000017,-112.01000000000018,-110.75331250000018
8.0,8.0,10.0,10.0,10.0,11.0,12.0,13.0,13.0,12.0,12.0,13.0,11.0,13.0,12.0,12.0,13.0,12.0,12.0,12.0,12.0,12.0,12.0,12.0,11.0,13.0,14.0,19.0,27.0,34.0,36.0,24.0,14.0,10.0,9.0,8.0
-89.23787500000012,-86.77912500000014,-85.5189375000001,-84.57118750000011,-82.66443750000012,-82.05075000000011,-80.71775000000011,-79.3228125000001,-76.6025000000001,-76.5147500000001,-74.46887500000011,-73.4511250000001,-70.9165625000001,-70.4006875000001,-69.37131250000012,-67.81743750000011,-66.2313750000001,-64.08681250000008,-63.44762500000009,-61.771437500000076,-59.56143750000008,-58.32206250000007,-57.36056250000007,-56.12950000000008,-53.94200000000008,-52.719125000000076,-51.050312500000075,-50.79093750000007,-49.56475000000007,-47.89481250000006,-46.66200000000005,-45.00931250000005,-42.81181250000006,-41.859250000000046,-40.92575000000005,-39.65143750000004
7.0,9.0,10.0,9.0,9.0,9.0,9.0,9.0,10.0,9.0,10.0,9.0,10.0,10.0,10.0,9.0,10.0,10.0,10.0,11.0,12.0,14.0,14.0,16.0,30.0,51.0,88.0,90.0,73.0,47.0,25.0,15.0,12.0,11.0,9.0,8.0
92.16175000000014,95.61125000000014,97.77456250000016,99.65893750000014,101.57056250000015,103.02125000000015,103.97643750000016,105.89931250000015,107.52918750000015,109.99425000000016,111.50412500000016,113.35418750000017,115.31112500000015,117.26918750000016,119.46812500000016,121.17450000000017,123.11537500000017,125.17931250000018,127.15706250000018,128.7515625000002,131.3763125000002,132.67825000000016,134.45875000000018,136.4046875000002,138.56731250000018,140.46818750000017,143.43762500000017,144.3586250000002,146.0518750000002,148.02475000000018,149.9666250000002,151.9361875000002,153.82281250000017,155.8061875000002,157.63906250000025,159.4910000000002
9.0,13.0,15.0,29.0,65.0,105.0,105.0,62.0,25.0,16.0,15.0,14.0,13.0,12.0,12.0,11.0,11.0,11.0,10.0,10.0,10.0,10.0,10.0,10.0,10.0,10.0,10.0,10.0,10.0,10.0,10.0,10.0,9.0,9.0,8.0,7.0
103.87793750000016,107.64543750000017,109.60356250000017,111.59481250000017,112.73975000000016,113.60562500000017,115.38618750000018,117.21718750000016,119.10443750000017,120.76043750000018,122.61856250000018,124.66275000000019,127.60800000000017,128.21143750000016,130.0136250000002,131.64731250000017,134.30106250000023,135.9795625000002,137.26937500000017,140.44668750000017,140.75468750000022,143.2087500000002,145.1695625000002,146.2991250000002,149.59075000000018,150.24606250000022,152.1696250000002,153.5465000000002,157.08143750000022,157.8913125000002,160.16068750000022,161.06006250000024,162.5970000000002,164.3957500000002,167.10406250000023,167.75481250000018
10.0,19.0,45.0,120.0,168.0,177.0,112.0,37.0,21.0,17.0,14.0,13.0,12.0,11.0,11.0,10.0,10.0,9.0,9.0,10.0,9.0,10.0,9.0,9.0,9.0,9.0,9.0,9.0,9.0,9.0,9.0,9.0,8.0,8.0,8.0,7.0
-31.74512500000004,-29.699875000000038,-28.251937500000032,-27.49862500000003,-26.800500000000028,-25.351312500000027,-23.992000000000026,-22.51981250000002,-21.84375000000002,-19.77831250000002,-19.428875000000023,-17.921812500000016,-16.975312500000015,-15.784375000000018,-14.593562500000017,-13.403625000000016,-11.993437500000015,-9.929937500000012,-9.607812500000012,-8.410812500000011,-7.205750000000009,-6.0385625000000065,-3.8245625000000043,-3.6228750000000045,-2.114062500000002,-0.1728125000000001,0.5768125000000005,1.9605625000000022,3.4668125000000045,4.084500000000006,4.8411875000000055,6.202687500000009,7.35431250000001,8.53368750000001,9.84512500000001,10.985375000000012
10.0,16.0,22.0,21.0,19.0,13.0,10.0,10.0,10.0,10.0,9.0,10.0,9.0,9.0,10.0,9.0,10.0,10.0,9.0,9.0,9.0,9.0,10.0,10.0,10.0,12.0,15.0,23.0,27.0,24.0,21.0,12.0,8.0,8.0,8.0,6.0
72.70831250000009,75.4811875000001,76.1372500000001,77.63237500000011,79.32950000000011,80.2001250000001,81.75981250000011,83.28393750000014,83.52593750000013,84.76506250000013,86.29175000000014,87.70212500000014,88.72093750000015,90.56056250000016,91.72487500000014,93.82843750000016,94.85081250000015,95.84181250000015,96.99087500000016,98.92275000000015,99.98325000000015,100.97231250000016,103.00350000000014,104.03900000000016,104.98468750000016,105.98493750000016,107.98393750000015,108.98268750000015,109.98100000000017,112.05762500000017,112.97393750000016,113.97112500000014,116.01112500000016,117.02350000000015,118.02843750000018,119.01081250000017
8.0,10.0,11.0,13.0,14.0,15.0,16.0,17.0,17.0,18.0,17.0,18.0,17.0,17.0,17.0,17.0,17.0,17.0,17.0,17.0,17.0,16.0,18.0,17.0,18.0,18.0,18.0,18.0,17.0,17.0,15.0,14.0,12.0,11.0,10.0,7.0
-145.9343125000002,-144.51006250000017,-142.99975000000018,-142.06243750000021,-140.79275000000024,-139.87812500000015,-138.5871250000002,-137.01187500000017,-136.0612500000002,-135.11075000000022,-133.8616875000002,-131.94712500000017,-131.6357500000002,-130.39056250000016,-129.12856250000016,-128.16237500000017,-126.90093750000018,-125.31187500000019,-124.36125000000018,-123.40987500000017,-121.50331250000018,-120.24368750000018,-118.98900000000017,-117.74175000000017,-116.78787500000016,-115.83100000000017,-114.87043750000016,-113.90562500000019,-112.93568750000016,-111.71793750000018,-110.52368750000018,-109.35768750000015,-108.22462500000017,-106.97825000000017,-105.81425000000013,-104.69550000000014
6.0,10.0,11.0,10.0,11.0,11.0,11.0,12.0,12.0,13.0,12.0,13.0,13.0,13.0,13.0,14.0,14.0,14.0,14.0,15.0,19.0,22.0,31.0,51.0,83.0,112.0,116.0,95.0,62.0,34.0,21.0,16.0,12.0,10.0,10.0,8.0
65.82468750000008,68.75256250000011,69.8502500000001,71.71862500000009,72.6662500000001,73.8363125000001,74.8072500000001,76.2160000000001,77.7857500000001,79.2100000000001,81.25450000000012,82.29168750000014,83.82037500000015,85.45800000000014,86.52868750000015,88.97162500000013,90.01175000000015,91.05275000000015,93.05068750000014,94.14100000000013,96.24275000000014,97.25893750000016,99.25075000000015,100.24462500000016,102.26643750000015,103.21356250000015,104.26062500000015,106.21612500000015,107.20281250000015,109.08612500000015,110.12731250000016,111.79118750000016,113.11556250000017,115.02450000000019,116.63243750000017,117.94043750000019
10.0,24.0,45.0,111.0,128.0,122.0,93.0,37.0,21.0,19.0,17.0,17.0,16.0,15.0,16.0,15.0,15.0,14.0,13.0,12.0,12.0,13.0,12.0,13.0,13.0,12.0,14.0,12.0,13.0,12.0,12.0,11.0,10.0,10.0,9.0,7.0
95.05218750000014,96.96812500000016,100.36943750000016,101.12656250000016,103.25887500000016,105.21025000000016,106.41931250000016,107.86131250000015,109.55143750000018,111.24031250000016,112.95481250000016,114.89593750000016,117.80425000000017,118.24737500000018,120.16737500000016,123.03243750000017,123.75175000000017,125.40668750000019,127.94187500000018,129.90425000000016,131.16587500000017,132.76643750000017,134.73637500000015,136.76756250000017,139.16043750000017,140.6501250000002,141.6092500000002,143.9103750000002,146.62943750000017,148.09075000000018,149.94531250000023,151.77656250000018,152.21631250000019,154.03118750000021,155.8428125000002,157.63437500000018
7.0,7.0,8.0,8.0,8.0,9.0,9.0,8.0,8.0,8.0,9.0,9.0,9.0,9.0,9.0,10.0,9.0,9.0,9.0,10.0,10.0,10.0,10.0,11.0,11.0,11.0,13.0,14.0,18.0,34.0,93.0,127.0,130.0,103.0,53.0,25.0
-4.696812500000005,-1.101687500000001,0.2914375000000003,1.1010625000000012,3.081937500000004,5.063000000000006,6.360250000000008,8.42256250000001,10.43887500000001,11.746625000000012,13.890437500000013,16.931062500000017,18.080750000000023,20.567937500000028,22.269625000000026,24.18293750000003,25.894875000000038,26.415312500000034,27.963312500000036,29.67387500000004,31.556500000000042,33.27212500000006,35.69287500000006,36.88156250000006,39.04568750000006,40.77856250000006,42.43675000000006,44.24806250000006,46.82800000000007,47.73693750000007,49.57862500000006,51.332437500000054,53.31400000000007,54.98475000000008,57.60356250000008,58.64712500000009
7.0,13.0,15.0,16.0,11.0,9.0,9.0,9.0,10.0,10.0,10.0,11.0,12.0,15.0,21.0,34.0,41.0,39.0,37.0,34.0,21.0,12.0,11.0,10.0,10.0,9.0,8.0,8.0,8.0,8.0,8.0,7.0,7.0,7.0,7.0,7.0
119.31131250000016,120.91643750000019,122.23112500000016,123.69150000000016,124.91025000000018,126.37625000000018,127.60025000000017,129.0712500000002,130.6993125000002,131.5055000000002,132.85512500000019,134.25493750000015,136.45118750000017,137.2527500000002,138.56143750000018,139.76456250000018,140.8737500000002,142.84337500000018,143.82387500000019,144.91850000000017,146.6646250000002,147.57043750000014,150.0411875000002,150.6357500000002,151.9309375000002,154.1686250000002,154.1940625000002,156.2540000000002,157.67268750000022,159.0726875000002,160.46318750000017,161.2298750000002,162.6198125000002,163.9848125000002,165.0176875000002,166.5049375000002
6.0,7.0,7.0,8.0,7.0,7.0,7.0,8.0,8.0,7.0,7.0,7.0,8.0,8.0,8.0,8.0,7.0,8.0,8.0,8.0,8.0,9.0,9.0,9.0,9.0,10.0,10.0,12.0,23.0,40.0,47.0,42.0,30.0,18.0,12.0,8.0
20.41825000000002,21.681062500000024,23.111062500000024,24.999500000000033,25.91093750000004,26.809750000000037,28.194687500000036,28.69287500000004,29.95106250000004,30.95381250000004,32.19793750000004,33.42700000000005,35.446437500000044,36.331750000000056,36.91862500000005,38.36287500000006,39.23712500000006,40.46300000000006,41.56700000000006,42.76731250000006,44.15218750000007,45.87206250000007,46.280000000000065,47.67712500000006,48.99012500000006,49.86668750000007,51.190187500000064,52.170875000000066,53.61743750000008,54.66237500000008,55.82250000000008,57.141875000000084,58.16656250000008,59.37343750000008,60.542875000000095,61.56543750000009
6.0,6.0,8.0,11.0,12.0,13.0,12.0,10.0,9.0,8.0,8.0,8.0,9.0,9.0,8.0,9.0,8.0,8.0,8.0,8.0,8.0,8.0,8.0,8.0,8.0,8.0,8.0,8.0,8.0,7.0,7.0,7.0,7.0,6.0,6.0,5.0
-149.8396875000002,-147.42287500000023,-146.5681875000002,-145.26618750000017,-144.2746875000002,-143.4588125000002,-142.3486250000002,-141.2493125000002,-139.1036250000002,-138.24106250000023,-137.26962500000016,-135.77793750000018,-135.10568750000016,-133.5397500000002,-132.9796250000002,-132.0688750000002,-130.86100000000022,-129.96175000000017,-128.73300000000017,-127.67131250000018,-126.08162500000017,-125.41618750000019,-124.01168750000018,-123.18000000000018,-121.68287500000017,-120.89050000000017,-119.55262500000018,-118.21581250000018,-116.89587500000016,-116.30581250000016,-115.01231250000016,-113.96900000000014,-112.69112500000017,-111.31725000000014,-110.71712500000018,-109.60556250000016
8.0,9.0,9.0,11.0,10.0,11.0,10.0,11.0,12.0,13.0,14.0,21.0,29.0,41.0,49.0,48.0,37.0,28.0,18.0,14.0,12.0,11.0,11.0,11.0,11.0,11.0,10.0,10.0,10.0,9.0,8.0,8.0,8.0,8.0,7.0,6.0
-7.138062500000009,-3.5593125000000034,-2.139750000000002,-0.1861250000000001,1.4995000000000016,2.0258125000000025,3.7370000000000045,5.245500000000007,6.961312500000009,8.80831250000001,11.163625000000014,13.271562500000014,14.650375000000018,16.70475000000002,18.07756250000002,20.566375000000026,22.246625000000027,23.88968750000003,25.670187500000033,27.102875000000036,27.911125000000037,29.49656250000004,31.28193750000004,32.970687500000054,34.860625000000056,38.04362500000005,38.56356250000006,40.78056250000006,41.728437500000055,43.65762500000005,46.571187500000065,47.99350000000006,48.77756250000006,50.21675000000006,52.49375000000006,53.66375000000008
8.0,13.0,17.0,27.0,34.0,32.0,25.0,13.0,10.0,9.0,10.0,10.0,10.0,10.0,10.0,11.0,11.0,16.0,27.0,31.0,29.0,18.0,12.0,9.0,9.0,10.0,10.0,10.0,10.0,10.0,17.0,25.0,27.0,27.0,15.0,11.0
122.24681250000016,123.89562500000017,124.95468750000016,125.83350000000019,127.25075000000018,127.95518750000018,129.33318750000018,130.72375000000017,131.44650000000019,132.84843750000016,134.3978750000002,134.99281250000018,136.48100000000022,137.06756250000018,138.4795625000002,139.8950000000002,141.45187500000017,141.92575000000016,142.79812500000017,144.16431250000022,144.98831250000018,147.07500000000022,147.7701250000002,148.47325000000023,149.8626250000002,150.5950000000002,151.9671875000002,153.2995000000002,154.9014375000002,155.66043750000017,156.32437500000017,157.7423125000002,158.5180000000002,159.77850000000018,160.9072500000002,161.95412500000018
5.0,8.0,7.0,8.0,9.0,9.0,10.0,11.0,11.0,11.0,12.0,12.0,12.0,11.0,12.0,12.0,12.0,11.0,12.0,11.0,12.0,12.0,12.0,12.0,11.0,11.0,11.0,11.0,13.0,12.0,13.0,12.0,11.0,8.0,8.0,6.0
-157.1949375000002,-155.18550000000022,-154.69056250000017,-152.3910625000002,-151.8913750000002,-150.6357500000002,-149.43481250000025,-147.8913125000002,-146.90400000000022,-145.53206250000022,-144.30918750000018,-142.60575000000017,-141.7445625000002,-139.50556250000022,-139.10493750000018,-137.7248750000002,-135.4674375000002,-134.15050000000016,-133.5946875000002,-132.75450000000018,-131.4343750000002,-130.19618750000018,-128.2631250000002,-127.35256250000019,-126.27843750000018,-124.99862500000017,-123.62731250000017,-121.24756250000017,-120.00043750000019,-118.75231250000017,-117.89293750000017,-117.05575000000016,-115.83050000000017,-114.70662500000014,-113.43612500000017,-111.99218750000018
7.0,9.0,9.0,10.0,10.0,9.0,8.0,9.0,8.0,9.0,8.0,9.0,8.0,9.0,9.0,8.0,9.0,9.0,9.0,8.0,9.0,9.0,9.0,9.0,8.0,9.0,9.0,10.0,12.0,14.0,16.0,14.0,11.0,8.0,7.0,6.0
100.05837500000015,104.71387500000014,106.89075000000017,107.67850000000016,109.84387500000017,112.00900000000016,114.63362500000017,118.83518750000016,118.99493750000018,121.47612500000017,123.76043750000018,126.39412500000017,128.4546875000002,131.47706250000022,133.2749375000002,136.42356250000017,139.9945625000002,141.96237500000015,142.8066250000002,145.05668750000018,147.3093750000002,149.8981250000002,152.16287500000018,154.57731250000023,158.24737500000018,159.69081250000022,161.7800625000002,165.65618750000021,167.8982500000002,170.81193750000023,173.1106250000002,175.51300000000026,177.4248125000002,178.2323125000002,180.38500000000022,182.78887500000022
7.0,14.0,30.0,33.0,27.0,14.0,10.0,10.0,9.0,9.0,8.0,8.0,8.0,9.0,9.0,10.0,25.0,41.0,43.0,24.0,10.0,10.0,10.0,9.0,10.0,9.0,9.0,10.0,11.0,11.0,15.0,39.0,55.0,55.0,31.0,11.0
72.3116250000001,74.8203125000001,75.54437500000012,77.3096250000001,77.8780625000001,79.4670625000001,80.4532500000001,82.20518750000014,83.24068750000013,84.36618750000014,85.67718750000014,87.31237500000015,89.53000000000014,90.40168750000014,91.42256250000015,92.46256250000015,94.49693750000013,95.53143750000014,96.47268750000016,97.53081250000015,99.55856250000015,100.48375000000016,101.49625000000016,103.52631250000016,104.50662500000016,106.46293750000017,107.54387500000016,108.54337500000017,110.56087500000015,111.55800000000016,112.55412500000017,113.54918750000016,115.53237500000017,116.52912500000016,117.51550000000017,118.59418750000017
6.0,8.0,8.0,9.0,9.0,10.0,10.0,10.0,10.0,10.0,10.0,11.0,11.0,12.0,11.0,11.0,11.0,11.0,11.0,11.0,11.0,11.0,12.0,12.0,11.0,13.0,17.0,22.0,40.0,48.0,46.0,35.0,16.0,12.0,10.0,9.0
48.780875000000066,50.907687500000065,51.55281250000007,52.83825000000007,53.851375000000075,54.51125000000009,55.49837500000008,56.49112500000008,57.95468750000009,58.704375000000084,60.11531250000009,61.63931250000009,62.0631250000001,63.14731250000008,64.31462500000009,65.4441250000001,66.43143750000009,67.86637500000009,68.65643750000011,70.03743750000011,70.9839375000001,72.85556250000009,73.1717500000001,74.16356250000011,75.9587500000001,77.23187500000012,78.51668750000012,79.4426875000001,80.37006250000012,81.3021250000001,82.24250000000015,82.95662500000014,84.16581250000014,85.49306250000014,86.41550000000015,87.35762500000013
6.0,8.0,8.0,8.0,9.0,10.0,9.0,9.0,10.0,10.0,10.0,11.0,10.0,11.0,11.0,11.0,11.0,11.0,11.0,11.0,12.0,13.0,12.0,11.0,12.0,13.0,19.0,29.0,39.0,44.0,40.0,28.0,17.0,11.0,8.0,7.0
-162.4482500000002,-159.94681250000025,-159.1000625000002,-157.5961875000002,-156.97037500000022,-156.1233750000002,-154.6767500000002,-153.51706250000024,-152.3852500000002,-150.7221250000002,-149.8900000000002,-148.23125000000022,-147.40681250000023,-146.27393750000016,-144.96256250000016,-143.72993750000018,-142.40162500000017,-140.89250000000018,-140.0598125000002,-138.63556250000022,-137.60743750000017,-136.19650000000019,-135.01531250000022,-133.80362500000018,-131.9655000000002,-130.99937500000019,-129.4206875000002,-128.01525000000015,-127.21831250000018,-125.80593750000018,-125.20343750000018,-123.80112500000018,-122.73481250000016,-121.02006250000018,-119.53568750000018,-119.13943750000017
9.0,28.0,37.0,49.0,50.0,45.0,29.0,17.0,14.0,14.0,13.0,12.0,12.0,11.0,11.0,11.0,11.0,11.0,11.0,12.0,11.0,11.0,11.0,12.0,13.0,14.0,17.0,22.0,24.0,26.0,21.0,15.0,12.0,10.0,9.0,7.0
111.79987500000016,113.94437500000018,115.56868750000017,117.88681250000018,118.14975000000017,119.75225000000017,121.41393750000016,123.07106250000017,124.99656250000017,126.14268750000018,127.08400000000017,128.91518750000017,130.04762500000018,131.64343750000018,133.03618750000015,134.4685625000002,136.24350000000015,137.77850000000018,138.96281250000015,140.5509375000002,142.2688125000002,144.4678750000002,144.93737500000017,146.74512500000023,147.87193750000017,149.4787500000002,151.1936250000002,153.4165000000002,155.1860000000002,156.09600000000023,156.9940625000002,158.3720625000002,159.7843750000002,161.23337500000022,162.7153750000002,164.26731250000023
5.0,6.0,7.0,7.0,6.0,7.0,7.0,7.0,8.0,8.0,7.0,7.0,7.0,7.0,7.0,7.0,8.0,8.0,8.0,8.0,8.0,9.0,9.0,10.0,10.0,11.0,12.0,23.0,60.0,80.0,90.0,82.0,52.0,28.0,16.0,12.0
74.28475000000009,76.3162500000001,78.3008125000001,79.36887500000009,80.3830625000001,81.3947500000001,82.40387500000014,84.40956250000015,85.41637500000016,86.41293750000013,88.37325000000014,89.36981250000014,90.32518750000014,92.26037500000015,93.27462500000016,94.37037500000017,96.11006250000015,97.16175000000015,98.23425000000016,99.54537500000015,101.13475000000014,102.06537500000016,103.42625000000015,105.01806250000014,106.31637500000016,108.38512500000016,109.18593750000015,110.29706250000017,111.43612500000015,113.27818750000017,114.09000000000017,115.2140625000002,116.55925000000016,118.07243750000016,119.18668750000016,120.76706250000016
9.0,13.0,21.0,32.0,41.0,43.0,41.0,26.0,18.0,13.0,9.0,10.0,10.0,9.0,9.0,9.0,8.0,8.0,8.0,8.0,8.0,8.0,8.0,8.0,8.0,8.0,7.0,7.0,8.0,7.0,7.0,7.0,7.0,7.0,7.0,7.0
117.36168750000017,120.19887500000016,121.60043750000018,123.00506250000016,123.69950000000017,125.10687500000017,126.51750000000018,127.95306250000017,130.08662500000017,131.5375000000002,132.21925000000016,133.63493750000015,136.47068750000017,137.1736875000002,138.5903125000002,140.7174375000002,141.4329375000002,142.8133750000002,144.27006250000022,145.65993750000018,147.7314375000002,148.4531250000002,149.86468750000023,152.03837500000017,154.17500000000018,154.86443750000018,156.9703125000002,157.68956250000025,159.08625000000018,160.50775000000021,161.9256875000002,163.3557500000002,164.7465000000002,166.2080000000002,167.5591250000002,168.95937500000022
7.0,12.0,20.0,26.0,27.0,20.0,14.0,13.0,13.0,13.0,13.0,13.0,12.0,12.0,12.0,13.0,13.0,13.0,13.0,13.0,13.0,12.0,13.0,13.0,13.0,12.0,13.0,13.0,13.0,13.0,13.0,12.0,11.0,10.0,8.0,7.0
-172.72193750000025,-169.06068750000026,-167.6284375000003,-166.95993750000025,-165.51431250000024,-163.3256250000002,-161.92493750000023,-159.7437500000002,-156.9035625000002,-155.4744375000002,-154.79856250000017,-153.3541250000002,-151.3181250000002,-149.11575000000022,-147.6915000000002,-146.3086250000002,-144.2051875000002,-142.75475000000023,-139.9628750000002,-139.19637500000022,-137.1875000000002,-135.01262500000018,-133.60300000000018,-132.11600000000016,-129.1768750000002,-128.51875000000018,-125.68343750000018,-124.41512500000019,-122.23831250000019,-120.83950000000017,-118.65412500000019,-118.05237500000018,-116.66393750000017,-114.85725000000016,-112.87500000000017,-111.48718750000016
10.0,41.0,56.0,56.0,47.0,19.0,11.0,10.0,10.0,10.0,9.0,9.0,8.0,9.0,9.0,9.0,9.0,9.0,9.0,9.0,9.0,10.0,9.0,9.0,11.0,11.0,12.0,12.0,19.0,37.0,61.0,59.0,46.0,19.0,12.0,8.0
85.17775000000015,86.50200000000015,88.29006250000013,89.21668750000013,90.16100000000014,91.10756250000016,92.06493750000014,93.03306250000013,94.01206250000014,95.00225000000015,96.00387500000014,97.01693750000014,97.93043750000017,98.94025000000015,99.95631250000015,101.15943750000015,102.23425000000016,103.22781250000016,104.32818750000015,105.12431250000016,106.21306250000016,107.36962500000016,108.28837500000017,109.17818750000016,110.28081250000015,111.85431250000016,112.12131250000016,113.24175000000017,114.65431250000017,115.49125000000016,116.46706250000015,117.31468750000018,118.29975000000016,119.47318750000017,120.35362500000016,121.40312500000016
7.0,9.0,11.0,14.0,24.0,39.0,54.0,63.0,59.0,45.0,28.0,17.0,12.0,11.0,11.0,11.0,11.0,11.0,11.0,10.0,10.0,11.0,10.0,10.0,9.0,10.0,10.0,10.0,10.0,9.0,9.0,9.0,8.0,8.0,7.0,6.0
-34.11618750000004,-31.794687500000045,-30.42500000000004,-29.804062500000036,-29.04856250000004,-27.66543750000003,-26.275937500000026,-24.934812500000028,-23.538937500000024,-22.803125000000026,-21.369937500000027,-19.91350000000002,-18.70956250000002,-17.627937500000023,-16.455875000000017,-14.544437500000017,-13.655250000000017,-11.808312500000016,-11.309375000000014,-10.141062500000013,-8.879875000000009,-7.49687500000001,-5.860875000000006,-5.099750000000006,-3.869312500000005,-2.4810625000000024,-1.3184375000000015,-0.10581250000000003,1.116937500000001,2.8712500000000034,4.267812500000005,5.121187500000007,7.2281875000000095,7.588250000000009,9.15687500000001,9.915687500000011
24.0,65.0,93.0,105.0,105.0,86.0,48.0,23.0,14.0,13.0,11.0,11.0,10.0,10.0,9.0,9.0,9.0,9.0,8.0,8.0,9.0,8.0,8.0,7.0,8.0,7.0,7.0,7.0,7.0,7.0,7.0,7.0,7.0,6.0,6.0,5.0
116.91525000000017,118.64275000000018,120.30493750000018,122.15225000000017,122.46237500000018,124.72675000000018,125.53462500000018,126.55250000000018,127.73925000000018,129.13843750000012,130.92787500000017,132.14318750000018,133.13081250000016,134.52981250000022,136.52418750000015,137.35018750000017,138.54262500000019,139.9415625000002,141.5486250000002,142.73918750000018,143.92968750000017,145.7447500000002,147.53362500000017,148.1502500000002,149.94118750000018,150.7412500000002,152.3355000000002,153.5394375000002,154.7538125000002,156.16312500000018,157.7468125000002,158.82806250000021,160.7101250000002,161.47906250000023,162.8715000000002,164.15387500000023
5.0,7.0,7.0,8.0,8.0,9.0,10.0,9.0,9.0,10.0,10.0,10.0,10.0,10.0,10.0,10.0,10.0,10.0,11.0,11.0,11.0,11.0,11.0,11.0,11.0,10.0,10.0,9.0,10.0,10.0,9.0,9.0,9.0,7.0,7.0,7.0
-75.8269375000001,-73.88718750000011,-72.44468750000011,-70.61762500000012,-69.00237500000011,-67.1157500000001,-64.63750000000009,-64.31762500000008,-61.78118750000007,-60.10587500000008,-59.14956250000007,-57.14593750000007,-55.38106250000007,-54.42993750000008,-52.24837500000007,-50.916125000000065,-48.288500000000056,-47.804750000000055,-45.58737500000005,-44.790937500000055,-43.11256250000005,-41.54075000000005,-38.73756250000005,-37.29325000000004,-36.54631250000004,-34.69993750000005,-32.65875000000004,-30.803687500000038,-28.57718750000003,-27.27281250000003,-25.419812500000027,-25.032250000000026,-23.182437500000027,-21.857125000000025,-20.023500000000023,-18.64587500000002
7.0,8.0,8.0,9.0,10.0,10.0,10.0,9.0,10.0,10.0,10.0,10.0,10.0,9.0,10.0,9.0,10.0,10.0,11.0,10.0,10.0,10.0,11.0,11.0,11.0,11.0,12.0,13.0,20.0,38.0,64.0,63.0,41.0,22.0,10.0,8.0
-94.79993750000013,-93.51668750000012,-92.42950000000012,-91.1806250000001,-90.10800000000013,-89.06075000000013,-87.78493750000013,-86.50250000000011,-85.49875000000011,-83.81268750000011,-83.12206250000011,-81.88768750000013,-80.78437500000013,-79.44793750000011,-78.31931250000012,-77.1016250000001,-75.89775000000012,-74.8989375000001,-73.22481250000008,-72.17081250000011,-70.6642500000001,-69.10475000000011,-68.9495625000001,-67.32450000000011,-66.59293750000009,-64.62268750000008,-64.19825000000009,-62.83456250000009,-61.84756250000008,-60.63906250000008,-59.39968750000007,-58.25856250000008,-56.739625000000075,-55.65700000000008,-54.61293750000007,-53.53968750000007
10.0,24.0,34.0,47.0,53.0,51.0,39.0,20.0,13.0,10.0,10.0,9.0,9.0,9.0,9.0,8.0,8.0,8.0,8.0,8.0,8.0,9.0,8.0,8.0,8.0,8.0,7.0,8.0,8.0,7.0,7.0,7.0,7.0,7.0,7.0,6.0
-123.6252500000002,-121.60331250000017,-120.55906250000018,-119.62525000000016,-118.46931250000019,-117.16443750000018,-115.57387500000016,-113.94062500000015,-113.24950000000017,-111.85000000000018,-110.74231250000018,-109.42381250000015,-108.14587500000016,-106.82718750000016,-105.56531250000013,-104.06400000000014,-101.79412500000015,-100.61287500000012,-99.61575000000013,-98.57412500000012,-97.64481250000013,-96.58237500000013,-94.44568750000012,-93.74293750000012,-92.40875000000011,-91.02925000000013,-90.08868750000012,-88.15925000000013,-86.40168750000011,-85.28943750000012,-84.30412500000011,-83.3225625000001,-82.34406250000012,-81.12931250000013,-79.75131250000011,-78.4474375000001
8.0,21.0,24.0,20.0,13.0,8.0,8.0,8.0,8.0,8.0,7.0,7.0,7.0,7.0,7.0,7.0,8.0,8.0,7.0,7.0,7.0,7.0,8.0,7.0,8.0,8.0,8.0,9.0,13.0,18.0,19.0,16.0,13.0,9.0,6.0,7.0
-150.4434375000002,-148.6167500000002,-147.3356250000002,-146.0952500000002,-144.1965625000002,-142.7663750000002,-141.5058750000002,-139.4866875000002,-137.9508125000002,-136.57387500000019,-135.6310000000002,-134.3976250000002,-132.7515625000002,-131.41562500000018,-129.20506250000022,-128.4411250000002,-127.18087500000019,-124.53881250000016,-124.27843750000018,-122.62706250000016,-121.07587500000017,-118.53056250000016,-118.17437500000017,-116.31250000000017,-114.46225000000018,-112.79912500000017,-111.51175000000018,-110.23687500000017,-108.39625000000018,-108.06993750000017,-106.53087500000015,-105.30412500000014,-103.90150000000014,-102.26756250000012,-100.80568750000013,-99.55468750000013
6.0,7.0,7.0,7.0,8.0,8.0,8.0,8.0,9.0,8.0,9.0,8.0,8.0,8.0,9.0,8.0,8.0,9.0,8.0,9.0,9.0,10.0,10.0,11.0,13.0,18.0,32.0,54.0,68.0,62.0,45.0,28.0,14.0,10.0,9.0,8.0
43.66400000000006,46.11956250000006,47.60018750000006,48.86062500000007,50.13693750000006,50.500000000000064,51.790500000000065,53.28187500000007,54.58362500000008,55.88543750000008,57.06475000000009,58.38418750000008,59.69787500000008,61.31418750000009,62.28575000000009,63.879250000000084,65.0415000000001,66.90981250000009,68.73412500000009,68.99381250000009,70.7048125000001,71.6878750000001,73.1974375000001,74.3401875000001,75.6278750000001,76.92575000000011,78.3575000000001,79.64887500000009,80.96168750000011,82.32818750000014,83.49650000000014,84.91612500000014,86.19575000000015,87.62681250000013,88.99518750000014,90.20037500000015
9.0,18.0,32.0,60.0,81.0,81.0,63.0,39.0,19.0,12.0,10.0,10.0,9.0,9.0,8.0,8.0,8.0,8.0,8.0,8.0,8.0,8.0,8.0,7.0,7.0,7.0,7.0,7.0,7.0,7.0,7.0,7.0,6.0,7.0,7.0,5.0
-155.2755000000002,-153.33456250000017,-151.98506250000025,-151.0972500000002,-149.83481250000023,-147.93637500000023,-147.0079375000002,-146.24937500000019,-145.1405000000002,-143.8386250000002,-141.80712500000018,-141.24668750000018,-140.31987500000017,-139.0174375000002,-137.70487500000021,-136.26418750000016,-135.3585000000002,-133.2030000000002,-132.25662500000018,-131.39150000000018,-130.50306250000023,-128.26506250000023,-127.81006250000019,-126.49075000000016,-125.1201250000002,-124.23475000000016,-122.90493750000017,-121.52087500000016,-120.29681250000017,-118.53343750000018,-117.63743750000017,-116.72918750000018,-115.51325000000017,-114.36381250000015,-112.95675000000014,-111.98512500000018
7.0,8.0,9.0,10.0,11.0,12.0,12.0,12.0,12.0,12.0,13.0,12.0,13.0,13.0,12.0,12.0,12.0,12.0,12.0,13.0,12.0,12.0,12.0,12.0,12.0,12.0,11.0,11.0,11.0,13.0,15.0,15.0,12.0,8.0,7.0,6.0
111.72687500000015,113.25087500000015,114.98612500000016,116.77537500000017,117.22675000000018,118.49231250000017,119.84887500000016,121.17100000000016,122.51212500000017,123.87450000000018,125.15737500000017,126.11031250000018,128.27506250000022,128.76287500000018,130.00743750000015,131.4066250000002,133.22543750000017,134.5495625000002,135.8765000000002,136.71262500000017,138.54618750000014,139.9461250000002,141.28900000000021,141.7280625000002,143.1146250000002,144.4566250000002,145.8625625000002,146.7203750000002,149.10793750000016,150.0105000000002,151.78043750000018,152.32906250000025,153.2008750000002,154.63643750000017,155.71181250000018,157.10581250000024
4.0,7.0,7.0,8.0,8.0,8.0,9.0,9.0,9.0,9.0,9.0,9.0,10.0,9.0,9.0,9.0,11.0,10.0,10.0,9.0,10.0,10.0,10.0,10.0,10.0,10.0,10.0,10.0,15.0,17.0,28.0,29.0,30.0,23.0,13.0,9.0
-162.62168750000018,-161.20981250000023,-159.6499375000002,-158.56875000000025,-157.47043750000023,-155.84818750000017,-155.1720000000002,-153.07393750000017,-152.3913125000002,-150.97050000000021,-150.26706250000024,-148.8788125000002,-147.5297500000002,-146.7847500000002,-145.2715625000002,-143.8993750000002,-143.1566875000002,-141.73287500000023,-140.7607500000002,-138.76093750000018,-138.11525000000017,-136.6951875000002,-135.28131250000018,-133.8734375000002,-132.47087500000018,-131.67325000000017,-130.2752500000002,-129.48012500000019,-128.6893125000002,-127.48656250000018,-126.09112500000018,-125.1683750000002,-124.05362500000018,-122.62775000000016,-121.23387500000018,-120.46718750000018
6.0,7.0,8.0,8.0,8.0,9.0,8.0,9.0,8.0,8.0,9.0,9.0,9.0,9.0,9.0,9.0,9.0,10.0,11.0,12.0,12.0,14.0,16.0,21.0,45.0,67.0,105.0,109.0,96.0,78.0,40.0,23.0,16.0,13.0,11.0,10.0
106.67906250000014,109.63668750000015,110.91831250000016,112.25800000000015,113.20856250000016,115.03893750000016,115.48600000000016,116.84768750000016,118.14568750000016,119.49143750000017,121.77581250000017,122.59237500000017,123.96543750000016,125.27681250000016,126.60106250000017,127.90856250000017,129.32643750000017,130.8226250000002,131.92550000000017,133.83650000000017,134.7420000000002,135.9560625000002,137.52350000000018,139.1386250000002,140.36525000000017,141.59318750000017,143.23631250000022,144.4820000000002,145.75581250000022,147.0731250000002,148.4527500000002,149.91637500000022,151.3037500000002,152.8906250000002,154.0149375000002,155.96650000000017
9.0,14.0,23.0,41.0,59.0,71.0,73.0,51.0,28.0,16.0,14.0,14.0,14.0,13.0,12.0,11.0,11.0,11.0,10.0,11.0,10.0,10.0,10.0,10.0,10.0,10.0,10.0,10.0,9.0,9.0,9.0,8.0,8.0,8.0,7.0,6.0
-25.71718750000003,-24.496000000000027,-23.008187500000027,-21.491437500000025,-20.774687500000027,-18.45787500000002,-18.065625000000022,-16.10312500000002,-15.722187500000018,-14.503187500000017,-13.361125000000015,-11.671937500000015,-10.718562500000015,-9.34825000000001,-8.213187500000009,-7.23018750000001,-5.982687500000006,-3.8615625000000047,-2.4460000000000024,-1.759062500000002,-1.040875000000001,1.092625000000001,2.4685625000000027,3.196937500000004,4.6226250000000055,6.057437500000008,6.765750000000009,8.192750000000009,8.95225000000001,10.40368750000001,11.224562500000014,12.998250000000013,13.964500000000015,14.990562500000019,16.542812500000018,17.610250000000022
5.0,6.0,6.0,7.0,7.0,8.0,8.0,8.0,8.0,8.0,8.0,9.0,9.0,9.0,9.0,8.0,9.0,10.0,11.0,12.0,13.0,15.0,23.0,34.0,66.0,95.0,102.0,93.0,83.0,53.0,42.0,23.0,16.0,12.0,12.0,11.0
70.7898125000001,72.6639375000001,73.6483750000001,74.5192500000001,75.61993750000009,77.47475000000011,78.5870625000001,79.70193750000011,79.8242500000001,81.69056250000013,82.68712500000012,83.68537500000014,84.57231250000014,85.46681250000013,86.58425000000014,88.30518750000014,88.89425000000014,89.98375000000014,91.72687500000015,92.65731250000015,93.67218750000015,94.61562500000014,95.70131250000014,96.71481250000015,98.73787500000014,98.96131250000015,100.64931250000015,101.55493750000015,102.75831250000016,103.75606250000014,104.95156250000015,105.79218750000015,107.76512500000015,108.17787500000017,109.06062500000016,110.13562500000015
10.0,16.0,23.0,33.0,53.0,75.0,105.0,115.0,100.0,66.0,39.0,22.0,17.0,15.0,13.0,13.0,12.0,11.0,11.0,10.0,10.0,10.0,10.0,10.0,10.0,9.0,9.0,8.0,9.0,8.0,9.0,8.0,8.0,8.0,7.0,6.0
-132.0230000000002,-129.96631250000019,-128.72881250000023,-127.51587500000016,-126.32893750000018,-125.24787500000016,-123.77750000000017,-122.67125000000019,-121.64118750000019,-120.34231250000018,-119.30112500000018,-118.10793750000018,-116.24456250000016,-115.73056250000018,-113.95843750000016,-112.99475000000015,-111.89943750000016,-110.77775000000017,-109.68681250000016,-108.54137500000016,-106.76662500000015,-105.83843750000013,-104.59337500000012,-102.83956250000013,-101.70868750000012,-100.88606250000012,-99.71300000000012,-97.90818750000012,-96.73106250000012,-95.61425000000014,-94.76287500000012,-93.78931250000012,-93.00625000000014,-91.53193750000013,-90.48650000000012,-89.20750000000012
14.0,25.0,20.0,14.0,10.0,10.0,9.0,9.0,9.0,8.0,8.0,9.0,8.0,8.0,8.0,8.0,8.0,9.0,8.0,8.0,8.0,8.0,9.0,9.0,9.0,9.0,10.0,15.0,27.0,30.0,24.0,16.0,10.0,8.0,7.0,6.0
76.8190625000001,79.3238125000001,80.31000000000012,82.29362500000013,83.29162500000012,84.41500000000013,85.41556250000015,86.52662500000014,88.44031250000015,89.37143750000014,91.15275000000014,92.22756250000013,93.54956250000014,95.50200000000015,96.61018750000015,98.70256250000016,99.65493750000014,100.65281250000014,102.66131250000015,103.80337500000016,105.63487500000016,106.55375000000015,107.93156250000017,109.76793750000017,110.57537500000018,111.85775000000017,113.84781250000016,115.05206250000016,117.03162500000016,117.81000000000017,118.79868750000016,120.77643750000017,122.02312500000016,122.99200000000016,124.67881250000018,125.83556250000017
9.0,19.0,31.0,66.0,79.0,76.0,60.0,32.0,17.0,14.0,12.0,12.0,12.0,11.0,12.0,11.0,10.0,10.0,10.0,11.0,11.0,11.0,11.0,11.0,10.0,11.0,11.0,11.0,11.0,10.0,10.0,9.0,9.0,8.0,7.0,6.0
-1.5255000000000016,0.41381250000000036,1.8990625000000023,2.454875000000003,3.7778750000000048,5.025625000000006,6.651750000000009,7.224812500000009,8.41718750000001,10.486562500000012,11.144500000000011,12.040562500000012,13.352250000000014,14.868437500000018,16.280187500000018,17.68725000000002,18.272187500000022,19.672250000000023,20.722375000000024,21.859500000000025,23.267812500000026,24.905500000000032,25.546687500000033,26.98600000000004,27.979375000000037,29.866000000000042,30.510500000000043,32.14043750000003,33.18987500000004,34.20656250000005,35.47262500000005,36.601437500000046,37.84056250000006,39.26950000000006,40.40137500000006,41.50350000000005
7.0,12.0,13.0,12.0,11.0,10.0,11.0,10.0,10.0,10.0,9.0,9.0,9.0,10.0,10.0,10.0,10.0,11.0,10.0,9.0,9.0,9.0,9.0,9.0,9.0,9.0,9.0,10.0,11.0,10.0,8.0,7.0,6.0,7.0,5.0,6.0
-132.8028125000002,-130.5203750000002,-129.44006250000018,-128.3704375000002,-127.20518750000018,-125.99793750000018,-124.93162500000017,-123.47237500000017,-122.23862500000018,-120.86818750000019,-119.69825000000017,-118.35056250000018,-117.15350000000018,-115.21068750000016,-114.41612500000019,-113.11806250000018,-111.39012500000018,-110.44262500000016,-109.02275000000017,-108.00725000000017,-106.72718750000017,-105.12781250000013,-103.40137500000014,-102.41831250000014,-100.26437500000014,-99.26381250000013,-98.42862500000012,-97.47887500000013,-96.3308125000001,-94.30956250000013,-93.41493750000012,-92.33343750000013,-90.29306250000012,-89.32450000000011,-87.40793750000012,-87.3765000000001
13.0,29.0,29.0,27.0,21.0,15.0,10.0,8.0,8.0,8.0,7.0,7.0,7.0,7.0,7.0,7.0,7.0,7.0,7.0,7.0,6.0,7.0,7.0,7.0,7.0,7.0,6.0,7.0,6.0,7.0,6.0,6.0,6.0,6.0,6.0,5.0
112.84300000000016,115.42975000000017,116.53206250000015,117.43575000000017,118.54118750000016,119.55987500000018,120.51375000000017,121.97506250000016,123.13925000000016,124.25156250000016,125.34850000000017,126.71931250000017,127.79575000000017,130.11306250000018,130.7540625000002,131.4582500000002,133.3495000000002,134.18700000000018,135.92543750000016,137.19725000000022,138.6388125000002,139.56831250000022,139.91093750000016,141.16131250000024,142.39862500000018,143.96181250000018,144.8832500000002,146.1592500000002,147.38281250000017,148.5321250000002,149.74537500000022,151.10618750000015,152.5560000000002,153.40956250000022,155.15087500000018,156.1306875000002
6.0,11.0,15.0,21.0,25.0,24.0,20.0,11.0,9.0,9.0,8.0,8.0,9.0,9.0,8.0,8.0,9.0,9.0,11.0,13.0,20.0,24.0,28.0,25.0,17.0,12.0,11.0,10.0,8.0,8.0,8.0,7.0,7.0,7.0,7.0,6.0
