-31.803625000000043,-27.50743750000003,-25.385125000000027,-23.919187500000028,-22.498562500000027,-20.345437500000024,-18.934125000000023,-16.830687500000025,-14.715625000000017,-10.503125000000015,-9.79168750000001,-7.698312500000009,-6.235062500000009,-4.099062500000004,-1.4340000000000015,0.6852500000000008,2.813500000000003,6.2633125000000085,8.40431250000001,10.554500000000012,12.712750000000014,14.877437500000019,16.286500000000018,17.69750000000002,19.870750000000022,21.947437500000028,25.553437500000037,27.72700000000004,29.88487500000004,29.91225000000004,32.02081250000005,34.15443750000004,36.32531250000005,38.40312500000006,40.58975000000005,42.79987500000006
40.0,115.0,150.0,175.0,187.0,193.0,186.0,179.0,167.0,181.0,183.0,170.0,159.0,128.0,99.0,68.0,50.0,69.0,94.0,125.0,157.0,183.0,188.0,184.0,170.0,160.0,166.0,181.0,185.0,182.0,160.0,113.0,56.0,31.0,21.0,17.0
-53.696187500000065,-50.12387500000007,-48.11218750000005,-45.79925000000005,-45.160250000000055,-41.75450000000005,-39.64393750000005,-38.220500000000044,-36.80225000000004,-33.170937500000036,-31.728562500000038,-29.620875000000037,-28.974687500000037,-26.151562500000026,-24.807875000000028,-22.749562500000025,-20.608937500000025,-16.90587500000002,-14.701875000000019,-12.680687500000015,-11.281437500000015,-10.472000000000014,-8.25106250000001,-5.739437500000006,-4.030375000000005,-0.35212500000000024,1.039562500000001,2.4215000000000027,4.662625000000006,6.026437500000007,8.25000000000001,10.08075000000001,12.188500000000014,14.488187500000018,16.68262500000002,18.172125000000023
37.0,93.0,112.0,125.0,127.0,131.0,139.0,138.0,137.0,140.0,166.0,184.0,183.0,179.0,170.0,139.0,101.0,106.0,155.0,191.0,204.0,210.0,198.0,173.0,162.0,168.0,171.0,174.0,175.0,172.0,143.0,95.0,56.0,29.0,20.0,16.0
29.03643750000004,32.41781250000004,33.67731250000004,35.310125000000056,36.84750000000005,38.15012500000006,39.625625000000056,40.92887500000006,42.76456250000005,43.287000000000056,44.59693750000005,46.03606250000007,48.407750000000064,49.71231250000007,50.62725000000006,52.304000000000066,53.75950000000008,55.05043750000007,56.53050000000008,58.967562500000085,60.84700000000009,62.379250000000084,63.3221875000001,65.4052500000001,66.34381250000008,67.41212500000009,68.68325000000009,70.8669375000001,71.77312500000008,73.03356250000009,74.8023750000001,76.05312500000008,77.74850000000012,78.9842500000001,80.6726250000001,82.30468750000013
23.0,40.0,52.0,77.0,118.0,154.0,189.0,207.0,222.0,222.0,213.0,202.0,200.0,200.0,197.0,183.0,172.0,152.0,140.0,152.0,177.0,189.0,196.0,207.0,207.0,196.0,189.0,193.0,191.0,182.0,171.0,144.0,89.0,55.0,31.0,21.0
-134.5033750000002,-132.23450000000017,-130.24075000000022,-129.12850000000017,-127.38131250000019,-126.14450000000019,-125.15206250000018,-123.29137500000019,-121.54725000000019,-120.66956250000017,-118.66562500000018,-118.55037500000017,-116.76506250000017,-115.64693750000018,-113.72837500000017,-112.61700000000017,-111.32868750000016,-108.57168750000015,-107.16350000000017,-106.09043750000014,-104.24506250000013,-103.10293750000014,-102.10612500000013,-101.10893750000014,-99.26012500000013,-98.26631250000013,-96.44381250000013,-95.46343750000013,-93.51525000000012,-92.54837500000014,-90.51656250000012,-89.55925000000013,-88.19050000000013,-86.73056250000012,-85.27968750000012,-83.91631250000013
32.0,56.0,97.0,124.0,155.0,185.0,196.0,203.0,216.0,223.0,228.0,218.0,213.0,201.0,175.0,164.0,152.0,158.0,167.0,182.0,204.0,228.0,235.0,238.0,220.0,204.0,173.0,158.0,119.0,100.0,65.0,52.0,33.0,24.0,21.0,18.0
-161.97150000000022,-158.49706250000025,-156.9186875000002,-155.02587500000018,-153.1360625000002,-152.1926250000002,-151.2503750000002,-149.04693750000018,-146.1846250000002,-144.9103125000002,-143.6320625000002,-142.3497500000002,-140.4655625000002,-138.47606250000018,-136.94531250000023,-134.99818750000014,-131.70993750000014,-130.0447500000002,-128.36612500000015,-126.51000000000018,-124.6611250000002,-122.81875000000016,-122.43056250000016,-120.98200000000018,-119.14956250000017,-116.00987500000016,-114.29962500000016,-113.38368750000016,-112.06881250000016,-109.95650000000018,-108.24687500000016,-106.41700000000014,-104.58425000000014,-103.13431250000015,-101.28406250000013,-99.59418750000013
39.0,103.0,148.0,189.0,200.0,199.0,196.0,186.0,189.0,196.0,202.0,198.0,184.0,159.0,131.0,99.0,99.0,115.0,143.0,175.0,197.0,200.0,199.0,186.0,170.0,163.0,174.0,179.0,175.0,150.0,113.0,81.0,51.0,33.0,22.0,17.0
93.56106250000015,97.65825000000015,99.86787500000014,102.07700000000014,103.96912500000013,106.17918750000015,108.07218750000015,109.33700000000016,110.92318750000015,112.81825000000016,116.93018750000017,118.82075000000017,120.70731250000017,122.58887500000017,123.52743750000018,125.74400000000017,127.96375000000018,129.82931250000019,133.89918750000015,135.77931250000017,138.18893750000018,140.03462500000018,141.86693750000018,142.77768750000018,146.80043750000016,147.22312500000018,150.7763125000002,151.22112500000023,153.48525000000024,155.3280000000002,157.52143750000022,159.8809375000002,161.99812500000021,163.88556250000022,166.1235000000002,168.1077500000002
17.0,30.0,57.0,97.0,133.0,166.0,186.0,187.0,177.0,165.0,162.0,191.0,216.0,227.0,232.0,216.0,166.0,113.0,115.0,149.0,193.0,207.0,214.0,207.0,197.0,199.0,207.0,207.0,192.0,178.0,159.0,133.0,92.0,60.0,34.0,23.0
42.028875000000056,46.15418750000006,48.31131250000006,50.73656250000006,52.917562500000074,54.84106250000009,56.24481250000008,57.470625000000084,61.39893750000009,63.33175000000009,65.5148125000001,66.48456250000011,68.4298750000001,70.6089375000001,72.89756250000009,74.89018750000011,77.0921250000001,81.2811875000001,83.45512500000012,85.61456250000013,87.75962500000014,88.89918750000014,90.74593750000015,92.60662500000015,94.73175000000015,98.59450000000015,100.17700000000013,103.14931250000015,104.14043750000017,106.12250000000017,109.09300000000016,110.08175000000016,112.05593750000016,114.17643750000018,116.31650000000016,118.48100000000017
23.0,55.0,104.0,161.0,202.0,211.0,215.0,207.0,226.0,234.0,241.0,241.0,226.0,211.0,187.0,132.0,83.0,89.0,129.0,172.0,209.0,221.0,219.0,203.0,179.0,181.0,188.0,213.0,216.0,211.0,211.0,206.0,185.0,120.0,56.0,30.0
73.14050000000012,77.31850000000011,79.57300000000009,81.77743750000012,83.71275000000014,85.89768750000015,87.92150000000015,90.09331250000014,91.09187500000016,93.07756250000016,95.22381250000015,99.45087500000014,101.25387500000016,102.40431250000015,103.86537500000017,106.12100000000015,110.14606250000016,112.08850000000018,113.06100000000015,116.85706250000017,118.62731250000016,120.61131250000017,122.59812500000018,123.59237500000017,125.80331250000017,128.77287500000017,131.6890625000002,134.5472500000002,136.53850000000017,137.60631250000017,139.7636250000002,141.7780625000002,143.7953125000002,145.6910625000002,147.8275000000002,150.00250000000017
19.0,35.0,56.0,93.0,134.0,165.0,196.0,221.0,220.0,204.0,189.0,197.0,211.0,207.0,178.0,166.0,158.0,163.0,163.0,173.0,212.0,242.0,248.0,235.0,196.0,154.0,142.0,171.0,191.0,195.0,182.0,156.0,106.0,59.0,38.0,27.0
94.92125000000014,98.46025000000016,100.26906250000015,102.41356250000014,104.22475000000014,106.40493750000014,108.23425000000016,110.00050000000016,111.31168750000016,113.90750000000017,114.31268750000017,116.57381250000016,119.66662500000018,121.85350000000017,122.20212500000017,124.03350000000017,126.20587500000019,128.06787500000016,131.5611875000002,133.6206250000002,135.2492500000002,136.9001875000002,138.11968750000017,139.5923750000002,141.77400000000017,143.4486250000002,145.65100000000018,148.9446875000002,151.13700000000023,152.77706250000023,153.4189375000002,155.16343750000016,157.1664375000002,159.11918750000018,160.99687500000022,162.7758750000002
17.0,26.0,36.0,61.0,93.0,136.0,174.0,213.0,224.0,233.0,233.0,218.0,216.0,224.0,227.0,222.0,155.0,109.0,112.0,170.0,214.0,233.0,234.0,222.0,211.0,186.0,154.0,162.0,175.0,168.0,171.0,162.0,144.0,109.0,72.0,42.0
-155.89056250000021,-150.94906250000025,-148.09425000000016,-146.1241250000002,-143.1494375000002,-141.0966250000002,-140.1388125000002,-137.17156250000022,-133.2865000000002,-130.24337500000019,-128.2513750000002,-126.30362500000018,-124.35681250000017,-122.39425000000017,-119.42362500000019,-116.51950000000016,-114.64937500000016,-110.01087500000017,-107.30818750000016,-105.34206250000014,-104.36537500000014,-101.99568750000013,-99.32750000000013,-96.89587500000013,-93.75600000000013,-89.4018750000001,-87.11425000000011,-84.2565625000001,-82.07012500000013,-80.85343750000011,-78.9126250000001,-76.53743750000011,-73.7568750000001,-71.51325000000011,-68.7140625000001,-66.50856250000011
34.0,160.0,187.0,191.0,213.0,224.0,232.0,200.0,161.0,185.0,221.0,230.0,218.0,202.0,182.0,165.0,155.0,188.0,221.0,240.0,238.0,215.0,175.0,146.0,115.0,133.0,162.0,197.0,211.0,214.0,201.0,171.0,113.0,55.0,30.0,24.0
81.3130625000001,84.65750000000014,85.92600000000013,88.27906250000014,89.54487500000013,91.25393750000013,93.09456250000015,94.08112500000013,96.24806250000016,97.43968750000015,98.41162500000016,100.88943750000014,101.86593750000016,103.24881250000014,104.95550000000017,106.83468750000016,108.85381250000016,109.78775000000016,112.42443750000017,114.36112500000016,116.34950000000018,117.31400000000016,118.25781250000017,120.20956250000016,122.16950000000017,123.14768750000017,126.11181250000017,127.13131250000018,128.15037500000014,130.22487500000017,131.28250000000014,133.35675000000018,134.5408125000002,136.76756250000017,138.13981250000018,139.7400625000002
26.0,52.0,69.0,103.0,120.0,153.0,192.0,203.0,207.0,211.0,205.0,202.0,201.0,201.0,190.0,167.0,142.0,137.0,145.0,160.0,178.0,188.0,190.0,182.0,179.0,177.0,179.0,191.0,198.0,172.0,147.0,94.0,71.0,42.0,32.0,24.0
14.083062500000015,17.661375000000024,19.293937500000027,20.798437500000027,22.515937500000028,23.930437500000032,25.260250000000035,26.156250000000036,28.89918750000004,30.27837500000004,31.17131250000004,32.54587500000004,34.30650000000005,35.56325000000005,37.416312500000046,38.77693750000006,40.516250000000056,41.97281250000006,44.89256250000007,46.66331250000006,48.02856250000006,49.85531250000007,50.746625000000066,52.09843750000006,53.44518750000009,55.228937500000086,56.58362500000008,58.35431250000009,59.683875000000086,61.54118750000009,62.93100000000009,64.6853125000001,66.06981250000008,67.8143750000001,69.52381250000009,70.8914375000001
29.0,54.0,76.0,95.0,114.0,129.0,129.0,122.0,117.0,121.0,123.0,122.0,116.0,106.0,93.0,86.0,77.0,75.0,88.0,117.0,134.0,149.0,156.0,160.0,159.0,153.0,144.0,129.0,113.0,90.0,77.0,60.0,45.0,34.0,25.0,22.0
-13.097250000000017,-10.425062500000015,-8.519062500000011,-6.640750000000009,-5.4533750000000065,-3.8992500000000048,-1.871250000000002,-0.46512500000000034,1.6929375000000015,3.1014375000000043,4.511875000000005,6.483000000000008,7.777000000000009,9.91212500000001,11.295062500000013,12.822625000000013,14.211687500000014,16.19675000000002,16.97987500000002,18.94450000000002,20.317375000000023,21.691750000000027,23.87981250000003,25.270062500000037,26.907437500000036,28.911312500000037,30.34762500000004,31.993375000000043,33.448875000000044,35.14062500000006,37.25800000000005,38.62825000000005,40.073375000000055,41.88325000000006,43.361312500000054,44.962500000000055
16.0,35.0,44.0,51.0,54.0,58.0,62.0,66.0,68.0,70.0,74.0,84.0,101.0,157.0,190.0,215.0,230.0,228.0,224.0,207.0,195.0,185.0,168.0,160.0,146.0,126.0,103.0,83.0,70.0,61.0,52.0,43.0,32.0,21.0,17.0,14.0
-63.89450000000008,-61.27193750000008,-59.36137500000008,-57.823375000000084,-56.20943750000008,-55.37825000000007,-53.27937500000007,-51.953250000000075,-50.62737500000007,-48.55543750000005,-47.20612500000006,-46.33593750000006,-44.984500000000054,-42.75456250000005,-41.87568750000004,-40.518250000000045,-38.75993750000005,-36.03387500000005,-34.77675000000004,-33.04312500000003,-31.68343750000004,-29.81418750000004,-28.95293750000004,-28.094687500000035,-26.03150000000003,-24.649875000000026,-23.269625000000026,-21.892312500000024,-20.18887500000002,-18.82156250000002,-16.953937500000023,-15.76525000000002,-13.928125000000016,-12.605875000000015,-11.048187500000013,-9.643750000000011
26.0,45.0,69.0,95.0,115.0,117.0,122.0,131.0,138.0,145.0,144.0,137.0,128.0,123.0,120.0,119.0,114.0,120.0,123.0,135.0,142.0,149.0,159.0,162.0,163.0,162.0,158.0,145.0,125.0,108.0,76.0,55.0,34.0,24.0,20.0,17.0
-116.86850000000018,-114.75206250000016,-112.73356250000016,-111.80525000000017,-109.80643750000017,-108.85962500000016,-106.87018750000017,-105.81218750000015,-103.81725000000014,-103.60312500000015,-101.51250000000013,-100.42300000000013,-98.92175000000012,-97.39881250000012,-95.38850000000014,-93.38268750000013,-92.38131250000013,-91.38100000000013,-89.28118750000012,-88.28293750000012,-86.18568750000013,-85.19018750000014,-83.20218750000011,-81.32012500000013,-80.42993750000011,-79.43775000000011,-77.45425000000012,-76.46281250000011,-74.48043750000012,-73.48937500000011,-71.59262500000011,-70.5161250000001,-68.4580625000001,-67.54218750000011,-65.7544375000001,-64.62762500000008
41.0,87.0,129.0,151.0,183.0,183.0,185.0,193.0,202.0,198.0,186.0,167.0,123.0,108.0,116.0,147.0,161.0,160.0,160.0,163.0,159.0,157.0,156.0,157.0,158.0,157.0,158.0,154.0,139.0,127.0,78.0,59.0,33.0,27.0,20.0,19.0
3.5414375000000047,7.190562500000009,9.44625000000001,11.269250000000012,13.496000000000015,15.28725000000002,16.621312500000023,17.521437500000026,19.752625000000023,21.508812500000026,23.742312500000025,27.34718750000004,29.11343750000004,29.996937500000044,31.75075000000004,33.60150000000005,35.44587500000006,39.086562500000056,40.82981250000006,43.071812500000064,44.45500000000006,46.690750000000065,47.53525000000006,49.75693750000006,51.69000000000007,53.907937500000074,56.96750000000008,58.360187500000094,59.7560625000001,61.15400000000009,63.41687500000009,65.34325000000008,67.1135000000001,69.42912500000008,71.2783750000001,73.03856250000011
24.0,57.0,109.0,155.0,189.0,203.0,210.0,209.0,202.0,191.0,161.0,193.0,212.0,217.0,193.0,155.0,131.0,118.0,139.0,171.0,189.0,206.0,209.0,196.0,178.0,168.0,181.0,185.0,189.0,185.0,160.0,133.0,100.0,57.0,32.0,20.0
73.73781250000009,77.83931250000009,79.9490000000001,82.04700000000011,84.13537500000015,86.00306250000013,87.09868750000014,88.87931250000014,90.87050000000016,92.76918750000014,95.85193750000015,98.19956250000014,100.18981250000014,102.09375000000016,103.09006250000014,105.08312500000014,107.16712500000014,109.16237500000017,113.15293750000016,115.24800000000016,117.34906250000016,119.13437500000018,120.23906250000017,122.00912500000015,123.69181250000017,126.45912500000017,129.58118750000017,131.91612500000016,134.02600000000018,134.16131250000018,136.28100000000018,138.4058125000002,140.5350625000002,142.36781250000018,144.49787500000016,146.63081250000016
22.0,49.0,87.0,134.0,176.0,196.0,197.0,184.0,155.0,140.0,147.0,170.0,191.0,196.0,196.0,179.0,127.0,83.0,80.0,114.0,160.0,192.0,198.0,190.0,162.0,127.0,133.0,165.0,179.0,176.0,170.0,148.0,109.0,64.0,38.0,25.0
58.69043750000009,62.18975000000009,63.76937500000008,65.5585625000001,66.7926250000001,68.68375000000009,68.9906875000001,70.63950000000011,72.6305625000001,75.0568125000001,77.1409375000001,78.2095625000001,80.07075000000012,81.0005000000001,82.91550000000015,84.81031250000014,85.86350000000013,89.06000000000014,90.24050000000014,92.22756250000013,93.21950000000015,94.21025000000014,96.18862500000014,97.57687500000014,99.56962500000014,100.98025000000015,103.79962500000016,105.79356250000016,105.93562500000016,107.94606250000017,110.10231250000015,111.12325000000016,113.18712500000015,114.29862500000016,116.34168750000016,117.43550000000016
27.0,69.0,101.0,139.0,157.0,164.0,156.0,154.0,140.0,135.0,171.0,185.0,194.0,191.0,186.0,161.0,145.0,126.0,155.0,209.0,218.0,220.0,207.0,197.0,182.0,169.0,165.0,174.0,181.0,173.0,150.0,138.0,107.0,82.0,43.0,23.0
-162.3011250000002,-158.8675000000002,-157.08625000000018,-155.3436250000002,-153.6290000000002,-152.33675000000022,-151.48193750000019,-149.6993750000002,-146.9192500000002,-144.69956250000018,-142.95731250000023,-141.13481250000024,-140.66856250000018,-138.9175000000002,-137.14281250000022,-135.33687500000022,-132.4599375000002,-130.51893750000016,-128.74718750000017,-126.91587500000017,-125.98350000000018,-124.71550000000018,-122.52762500000017,-121.28968750000017,-119.31731250000017,-117.66956250000017,-115.73425000000017,-113.54306250000016,-111.64125000000016,-110.42962500000016,-108.56250000000017,-107.06831250000018,-105.23012500000013,-103.67737500000013,-101.87025000000014,-100.21793750000013
45.0,122.0,140.0,166.0,191.0,207.0,208.0,201.0,194.0,192.0,204.0,218.0,214.0,182.0,133.0,96.0,109.0,150.0,178.0,208.0,217.0,218.0,209.0,197.0,191.0,186.0,180.0,179.0,184.0,182.0,162.0,130.0,81.0,43.0,25.0,18.0
-28.457437500000033,-23.334750000000028,-20.56556250000002,-18.32125000000002,-17.68050000000002,-14.901812500000018,-11.442250000000016,-9.307375000000011,-6.665062500000008,-2.5061250000000026,0.35931250000000026,2.497437500000003,3.899125000000005,6.045500000000008,8.84931250000001,11.510812500000013,14.098000000000015,18.702937500000026,21.564875000000026,24.19381250000003,27.007750000000037,28.65543750000004,30.318500000000043,32.564750000000046,37.542187500000054,40.03462500000006,42.244062500000055,45.595625000000055,47.27000000000006,49.477375000000066,51.13650000000006,53.872000000000085,56.61268750000008,59.13556250000009,61.53656250000009,64.13112500000008
23.0,68.0,137.0,197.0,200.0,189.0,191.0,177.0,140.0,152.0,199.0,232.0,238.0,220.0,191.0,159.0,141.0,129.0,147.0,180.0,211.0,221.0,215.0,191.0,147.0,177.0,192.0,204.0,211.0,206.0,180.0,127.0,106.0,55.0,27.0,18.0
-176.7095625000003,-172.59831250000025,-170.4248750000003,-168.4384375000003,-166.41612500000028,-164.18900000000025,-161.9641875000002,-160.0752500000002,-159.22337500000023,-157.0024375000002,-153.7255625000002,-152.34387500000022,-150.9585000000002,-148.7269375000002,-146.4987500000002,-144.5401250000002,-142.3076250000002,-140.08175000000017,-138.67800000000017,-136.4601875000002,-132.4605000000002,-130.4624375000002,-129.67318750000015,-126.43562500000019,-125.64843750000018,-123.2921250000002,-121.72031250000019,-119.69768750000019,-117.49731250000018,-115.47681250000015,-113.26331250000017,-111.26150000000017,-109.03893750000017,-107.08068750000017,-104.99925000000013,-102.98300000000013
21.0,48.0,77.0,122.0,169.0,200.0,220.0,234.0,236.0,232.0,243.0,248.0,250.0,237.0,232.0,231.0,231.0,225.0,214.0,202.0,213.0,218.0,222.0,222.0,222.0,218.0,199.0,157.0,101.0,60.0,38.0,28.0,22.0,19.0,16.0,14.0
-108.21437500000016,-104.57981250000013,-102.81675000000013,-100.86818750000013,-98.93368750000012,-97.00006250000013,-95.28762500000013,-93.63650000000013,-91.91681250000012,-90.94318750000012,-88.99418750000014,-86.8224375000001,-85.62518750000011,-83.45068750000011,-82.02631250000012,-79.99775000000011,-77.0773750000001,-75.3612500000001,-73.18850000000012,-71.24518750000011,-69.30168750000011,-67.6734375000001,-65.7302500000001,-64.75950000000009,-62.819125000000085,-60.585937500000085,-59.60987500000009,-57.65356250000008,-55.90562500000007,-53.71756250000007,-52.32487500000008,-50.544937500000074,-48.55262500000005,-46.71193750000006,-44.93731250000005,-43.11118750000004
26.0,66.0,95.0,133.0,160.0,185.0,199.0,220.0,223.0,225.0,225.0,213.0,206.0,183.0,154.0,129.0,131.0,145.0,160.0,172.0,178.0,210.0,236.0,236.0,221.0,226.0,227.0,215.0,172.0,111.0,70.0,46.0,32.0,22.0,18.0,15.0
110.92206250000017,114.42593750000016,116.09887500000016,117.50943750000017,119.67462500000016,121.08431250000018,123.15825000000017,123.90593750000018,125.31725000000017,127.56031250000018,128.88843750000018,132.0878750000002,133.48300000000017,134.8760000000002,136.26718750000015,137.65681250000017,139.67843750000014,141.1911250000002,144.5977500000002,146.13281250000017,148.12693750000017,149.38175000000018,150.9397500000002,151.7187500000002,153.74993750000016,155.3013750000002,158.47406250000023,160.02062500000022,162.0970000000002,162.7635625000002,164.36193750000018,166.4985000000002,167.89625000000024,170.0166250000002,171.50487500000023,172.88256250000023
21.0,52.0,97.0,129.0,158.0,167.0,180.0,184.0,182.0,171.0,167.0,179.0,195.0,201.0,197.0,188.0,158.0,126.0,112.0,132.0,155.0,167.0,173.0,176.0,174.0,170.0,158.0,173.0,191.0,188.0,168.0,117.0,80.0,46.0,35.0,26.0
-138.07387500000019,-133.19275000000022,-131.0473125000002,-129.11768750000016,-128.19462500000017,-126.24425000000019,-124.24831250000018,-122.20662500000017,-119.15900000000018,-117.13800000000018,-115.18362500000018,-114.18337500000015,-112.18606250000016,-110.12193750000017,-108.05818750000016,-105.93056250000014,-102.41337500000012,-100.51687500000011,-98.13681250000012,-96.15562500000013,-95.19943750000013,-92.32550000000012,-90.25131250000011,-89.22250000000011,-85.15831250000012,-83.25406250000012,-81.21525000000011,-79.07931250000011,-77.0645000000001,-76.06018750000011,-74.1675625000001,-72.1902500000001,-70.22362500000011,-68.26825000000011,-66.16487500000008,-64.04987500000007
35.0,138.0,192.0,223.0,226.0,216.0,195.0,173.0,183.0,208.0,224.0,227.0,225.0,210.0,166.0,104.0,93.0,120.0,154.0,174.0,174.0,167.0,169.0,170.0,168.0,182.0,186.0,202.0,211.0,203.0,175.0,128.0,76.0,45.0,27.0,21.0
-141.8254375000002,-138.7236875000002,-136.70862500000018,-134.61737500000018,-133.61775000000017,-131.5807500000002,-129.58400000000017,-127.63056250000018,-124.64381250000018,-122.65531250000016,-121.60468750000017,-119.48500000000017,-118.48312500000017,-116.48050000000018,-114.39781250000017,-112.30362500000018,-110.29562500000017,-107.90550000000016,-105.93443750000013,-103.96087500000013,-102.86218750000013,-100.88006250000012,-98.89212500000014,-97.45218750000014,-95.25331250000012,-91.85543750000012,-90.74600000000012,-88.70537500000012,-87.67887500000012,-85.51337500000011,-83.47425000000013,-81.42762500000012,-79.4067500000001,-78.2566250000001,-76.1385000000001,-74.4046250000001
53.0,127.0,166.0,198.0,207.0,207.0,193.0,183.0,185.0,195.0,199.0,208.0,206.0,193.0,180.0,156.0,129.0,165.0,185.0,198.0,203.0,208.0,193.0,173.0,171.0,167.0,178.0,190.0,187.0,167.0,119.0,69.0,42.0,30.0,22.0,15.0
-170.42956250000032,-166.7255625000003,-164.65043750000024,-162.74856250000022,-160.52912500000022,-160.2388750000002,-158.31868750000018,-156.1115000000002,-154.44762500000022,-150.70200000000017,-148.8575625000002,-148.0386250000002,-146.38731250000023,-144.2317500000002,-141.22493750000018,-140.36793750000015,-138.1915000000002,-135.0305625000002,-133.6098125000002,-131.84343750000016,-128.94643750000017,-127.1201250000002,-126.74256250000018,-122.88525000000018,-122.5122500000002,-120.29362500000019,-118.60981250000016,-116.76550000000017,-114.94056250000015,-112.72031250000016,-110.95631250000018,-108.77956250000017,-106.93325000000016,-104.99000000000014,-102.93550000000013,-100.70843750000013
43.0,109.0,153.0,179.0,189.0,186.0,180.0,161.0,149.0,154.0,168.0,174.0,168.0,155.0,160.0,159.0,154.0,166.0,179.0,185.0,195.0,205.0,205.0,207.0,210.0,212.0,199.0,173.0,149.0,103.0,65.0,37.0,25.0,17.0,14.0,11.0
-84.7238750000001,-79.88318750000012,-77.0858750000001,-74.34143750000011,-70.94450000000009,-70.2780000000001,-67.55881250000009,-64.82468750000008,-62.117812500000085,-57.22556250000008,-54.41962500000007,-51.355000000000075,-50.01562500000007,-45.81337500000005,-43.13456250000006,-41.80581250000006,-39.35975000000005,-34.99293750000004,-31.92475000000004,-30.143375000000038,-28.830625000000037,-25.723125000000028,-22.964687500000025,-20.432000000000023,-17.64225000000002,-14.887750000000018,-10.048187500000012,-7.90850000000001,-6.0380000000000065,-3.5688750000000034,-0.7054375000000006,1.8354375000000023,4.674625000000006,7.469937500000009,10.617187500000012,12.973500000000014
32.0,117.0,181.0,216.0,233.0,234.0,215.0,168.0,136.0,156.0,174.0,206.0,211.0,196.0,216.0,216.0,204.0,217.0,237.0,252.0,255.0,253.0,249.0,229.0,207.0,177.0,165.0,164.0,157.0,121.0,76.0,46.0,24.0,16.0,13.0,11.0
-149.53787500000018,-146.30325000000022,-144.51706250000024,-143.3075625000002,-142.3043125000002,-140.97375000000017,-137.73968750000017,-136.59887500000022,-134.48562500000017,-133.07975000000022,-131.1170625000002,-129.9823750000002,-127.85131250000019,-126.68725000000018,-125.69881250000016,-123.52281250000017,-122.53531250000019,-120.57181250000018,-118.37487500000017,-115.99900000000017,-114.37062500000016,-112.76225000000017,-111.53912500000018,-110.59225000000018,-108.68631250000017,-107.43375000000017,-105.04775000000012,-102.86662500000014,-101.90725000000012,-100.71168750000014,-98.99350000000013,-97.35612500000013,-95.36712500000013,-94.07318750000012,-91.98993750000012,-90.84987500000011
32.0,89.0,120.0,130.0,131.0,120.0,123.0,133.0,146.0,160.0,171.0,178.0,182.0,184.0,187.0,176.0,167.0,142.0,128.0,141.0,161.0,176.0,186.0,187.0,173.0,162.0,148.0,157.0,162.0,156.0,137.0,114.0,71.0,47.0,27.0,23.0
71.2275625000001,74.2255625000001,76.2593125000001,78.2708125000001,80.2857500000001,82.29093750000014,83.29337500000014,84.29562500000014,86.29981250000013,88.28318750000014,90.28106250000015,93.36068750000014,95.38862500000016,96.37412500000013,97.37843750000015,99.36387500000015,101.37025000000015,103.37687500000015,105.38387500000016,108.19112500000014,110.21712500000015,112.20800000000017,113.37443750000018,115.42800000000017,116.43331250000017,119.50900000000016,120.51787500000017,121.59293750000016,125.24281250000017,126.31781250000017,128.30643750000013,129.39731250000023,131.3885625000002,133.3736250000002,134.6213750000002,136.91350000000017
22.0,50.0,89.0,136.0,166.0,167.0,167.0,169.0,161.0,145.0,133.0,133.0,159.0,172.0,178.0,175.0,165.0,148.0,120.0,104.0,111.0,118.0,136.0,164.0,168.0,171.0,172.0,174.0,166.0,166.0,175.0,177.0,153.0,103.0,67.0,33.0
113.84150000000017,116.66337500000017,118.80393750000017,120.21687500000016,121.62912500000016,123.77481250000018,125.13156250000019,126.54512500000016,127.22775000000019,129.37550000000016,131.5168750000002,133.6691250000002,135.08456250000017,135.7781250000002,137.17737500000018,139.27043750000013,140.72575000000018,142.14431250000018,144.2520625000002,145.66568750000016,148.4410000000002,149.8514375000002,151.8907500000002,153.3084375000002,154.73156250000022,156.20200000000017,158.3591875000002,159.8028750000002,161.2208125000002,161.93468750000022,164.05775000000023,165.53956250000022,166.98156250000022,168.5511875000002,170.4813750000002,171.88106250000027
18.0,31.0,70.0,105.0,136.0,165.0,174.0,180.0,179.0,177.0,176.0,184.0,199.0,199.0,190.0,158.0,148.0,144.0,126.0,124.0,129.0,138.0,169.0,190.0,198.0,196.0,193.0,197.0,207.0,204.0,185.0,172.0,150.0,105.0,58.0,36.0
106.13281250000016,109.66993750000016,111.52131250000016,113.25906250000016,115.10768750000017,116.93693750000016,118.74487500000018,119.19418750000017,121.02243750000018,122.89037500000018,125.85812500000017,128.07756250000017,128.93212500000018,129.9566250000002,131.8641250000002,133.65275000000017,135.5486875000002,137.46612500000018,140.79612500000022,142.19087500000018,144.40881250000018,145.7905625000002,147.16587500000017,149.3528125000002,150.17337500000022,152.3509375000002,155.1692500000002,157.03125000000023,158.84043750000018,159.2185625000002,160.98543750000022,162.69956250000024,164.8424375000002,166.4357500000002,168.1573750000002,169.6488125000002
19.0,47.0,84.0,123.0,155.0,169.0,184.0,186.0,181.0,173.0,176.0,191.0,190.0,181.0,156.0,133.0,109.0,83.0,106.0,131.0,165.0,182.0,188.0,188.0,187.0,167.0,159.0,175.0,186.0,187.0,175.0,138.0,80.0,48.0,32.0,24.0
-165.7908125000003,-161.6090000000002,-158.49500000000023,-156.52162500000023,-155.5371875000002,-152.96875000000023,-150.2576875000002,-148.12556250000023,-143.1616250000002,-140.6423750000002,-138.26018750000014,-137.0620625000002,-135.1340625000002,-132.9647500000002,-130.07281250000023,-127.86281250000017,-125.1684375000002,-120.32675000000017,-117.94106250000017,-115.23525000000018,-113.04368750000016,-111.11162500000017,-109.88537500000015,-107.06906250000016,-104.88012500000013,-100.50075000000012,-97.77762500000014,-95.31343750000012,-94.34893750000012,-92.14912500000014,-89.53468750000012,-87.21262500000012,-84.74118750000012,-82.16743750000012,-79.68818750000013,-77.19343750000012
38.0,137.0,213.0,241.0,243.0,227.0,202.0,161.0,163.0,204.0,229.0,232.0,224.0,211.0,163.0,106.0,76.0,105.0,150.0,211.0,224.0,228.0,225.0,219.0,210.0,204.0,216.0,223.0,217.0,191.0,181.0,159.0,114.0,62.0,30.0,19.0
-37.58137500000005,-32.85300000000004,-31.360187500000038,-29.09737500000004,-28.36656250000003,-26.17843750000003,-24.735437500000025,-20.766875000000024,-19.32881250000002,-18.522625000000023,-15.117812500000019,-12.745750000000015,-10.760062500000014,-8.91925000000001,-6.704312500000009,-5.2721875000000065,-3.059187500000003,-0.9213750000000009,0.5723125000000006,2.0129375000000023,4.197000000000005,5.651375000000007,9.52675000000001,11.638375000000014,13.553312500000015,15.663937500000019,17.25731250000002,19.48356250000002,20.013250000000024,21.880750000000027,24.05281250000003,25.87756250000003,27.89525000000004,30.05375000000004,31.878937500000042,34.04150000000005
37.0,132.0,169.0,191.0,188.0,178.0,163.0,161.0,164.0,163.0,167.0,186.0,198.0,201.0,206.0,206.0,220.0,227.0,238.0,239.0,227.0,200.0,177.0,185.0,198.0,201.0,199.0,207.0,209.0,202.0,160.0,101.0,62.0,38.0,28.0,21.0
67.26450000000011,70.1698750000001,72.4041250000001,73.5021875000001,75.6026250000001,77.3670625000001,79.3166250000001,80.39043750000012,81.37387500000011,83.23975000000013,86.31681250000013,87.40425000000015,88.39893750000014,90.58362500000015,91.55625000000015,93.47418750000014,95.44593750000014,98.36937500000016,99.29518750000015,101.58012500000015,103.50687500000015,104.61481250000016,105.61756250000015,107.60968750000016,108.74243750000018,112.07900000000015,113.06212500000015,114.05125000000017,116.05425000000017,117.32687500000017,119.44468750000017,121.46275000000017,122.48025000000017,124.49287500000017,125.87387500000017,128.07568750000019
22.0,50.0,90.0,108.0,133.0,152.0,175.0,183.0,189.0,184.0,181.0,182.0,180.0,173.0,167.0,146.0,129.0,128.0,127.0,141.0,170.0,188.0,194.0,189.0,171.0,167.0,170.0,172.0,166.0,168.0,162.0,122.0,99.0,53.0,31.0,24.0
-164.7726250000003,-162.0756250000002,-160.24037500000023,-158.86475000000024,-157.08925000000022,-155.71543750000018,-153.96387500000023,-152.5919375000002,-150.8578125000002,-150.49981250000025,-148.7801250000002,-147.4136875000002,-145.69693750000022,-142.95700000000022,-142.60825000000017,-140.7245000000002,-139.3521250000002,-137.8307500000002,-135.4673750000002,-133.62212500000018,-131.9053125000002,-130.5608750000002,-129.22168750000014,-127.49406250000018,-126.62575000000018,-124.03906250000017,-122.68718750000018,-121.79368750000019,-120.44718750000017,-119.10781250000018,-117.34831250000018,-115.97181250000015,-114.23675000000017,-112.82618750000019,-111.24593750000017,-109.52056250000017
27.0,57.0,96.0,117.0,141.0,159.0,177.0,194.0,207.0,208.0,196.0,178.0,157.0,163.0,165.0,147.0,128.0,117.0,116.0,131.0,155.0,168.0,172.0,171.0,170.0,177.0,182.0,182.0,171.0,143.0,99.0,60.0,38.0,27.0,19.0,15.0
108.40956250000015,111.98431250000016,113.65593750000018,115.57281250000015,117.22893750000016,119.16793750000018,120.81293750000016,121.37787500000016,123.01750000000018,126.04031250000017,127.4303750000002,128.82212500000017,131.03387500000017,132.42825000000016,134.39700000000022,135.79100000000017,139.08287500000017,140.4791250000002,142.7008750000002,144.0955625000002,144.92268750000017,146.88143750000017,150.2648750000002,151.6553750000002,153.26450000000017,154.65143750000016,156.6045000000002,159.13731250000023,161.11493750000022,162.5205625000002,163.1107500000002,165.34593750000022,166.7668750000002,169.00050000000022,170.42975000000024,172.1500000000002
16.0,34.0,58.0,99.0,142.0,177.0,189.0,190.0,184.0,185.0,187.0,181.0,174.0,167.0,152.0,142.0,139.0,150.0,167.0,169.0,165.0,150.0,143.0,148.0,166.0,167.0,161.0,169.0,191.0,196.0,198.0,180.0,155.0,99.0,63.0,35.0
-135.7082500000002,-132.5446250000002,-130.5428125000002,-128.5017500000002,-126.46562500000019,-125.50318750000018,-123.4341250000002,-122.46993750000019,-120.43750000000017,-117.43931250000018,-115.47418750000018,-114.47468750000017,-113.47518750000016,-111.47625000000016,-109.44093750000016,-106.47931250000015,-104.51937500000014,-102.60018750000013,-101.52275000000012,-100.52381250000012,-98.60581250000011,-95.36893750000013,-93.64562500000014,-91.64162500000012,-90.60143750000013,-89.63481250000011,-87.45656250000012,-85.42831250000013,-83.43400000000013,-81.4403125000001,-80.44368750000011,-78.46356250000011,-76.4753125000001,-74.46343750000011,-72.4692500000001,-71.41687500000009
34.0,95.0,138.0,171.0,189.0,188.0,196.0,188.0,171.0,183.0,198.0,202.0,199.0,166.0,118.0,87.0,111.0,140.0,169.0,177.0,167.0,164.0,181.0,192.0,188.0,182.0,172.0,167.0,153.0,134.0,122.0,90.0,55.0,31.0,21.0,18.0
-137.3586250000002,-134.16881250000023,-132.1598125000002,-131.1560625000002,-129.21768750000018,-128.21812500000019,-126.14587500000019,-125.06862500000017,-122.06550000000018,-120.06668750000016,-119.06818750000018,-117.98300000000017,-116.07587500000017,-114.17243750000019,-112.35918750000017,-110.45462500000016,-108.54487500000016,-106.20575000000014,-104.29206250000013,-103.05987500000012,-101.00243750000014,-100.01250000000013,-98.03312500000013,-96.00175000000013,-95.06556250000013,-93.08837500000013,-91.28412500000013,-89.21781250000011,-87.17150000000012,-86.17850000000013,-84.19893750000011,-83.12043750000011,-81.19331250000012,-79.27900000000011,-77.24343750000011,-76.0655000000001
37.0,110.0,149.0,160.0,183.0,183.0,176.0,165.0,170.0,192.0,191.0,187.0,171.0,152.0,120.0,109.0,108.0,131.0,157.0,170.0,189.0,195.0,191.0,193.0,189.0,158.0,142.0,132.0,135.0,141.0,130.0,94.0,67.0,34.0,23.0,20.0
-28.793562500000036,-25.283562500000023,-23.110875000000025,-21.689687500000026,-19.578625000000024,-17.43300000000002,-16.710500000000017,-13.855875000000015,-11.720375000000015,-11.026562500000015,-9.579812500000012,-7.43181250000001,-5.275375000000006,-3.8495625000000047,-1.6821250000000019,0.36068750000000027,3.122437500000004,5.280062500000007,7.357875000000009,8.769000000000009,10.262312500000013,11.671875000000014,14.488250000000019,15.89543750000002,18.663875000000022,20.083000000000027,22.217375000000025,22.921500000000023,25.003125000000036,26.385625000000037,28.49656250000004,30.63118750000004,32.19900000000004,34.14737500000005,36.10537500000005,37.973687500000054
36.0,79.0,113.0,132.0,163.0,189.0,197.0,202.0,211.0,209.0,203.0,190.0,159.0,138.0,98.0,70.0,88.0,130.0,169.0,180.0,183.0,178.0,175.0,171.0,178.0,190.0,200.0,199.0,190.0,161.0,95.0,50.0,33.0,24.0,19.0,16.0
85.41806250000015,88.31387500000014,90.04268750000016,91.31387500000014,93.16618750000015,94.72812500000015,96.14431250000015,97.84031250000015,98.83006250000015,100.80918750000015,101.79875000000015,102.64618750000017,104.62687500000015,105.75800000000015,107.60068750000015,109.58543750000017,110.57862500000016,112.56662500000016,114.46656250000017,116.55918750000016,118.16143750000016,119.38918750000016,121.36018750000017,122.23250000000019,123.98856250000019,124.87243750000017,127.07350000000017,127.96281250000017,129.95218750000015,130.8498750000002,132.32187500000018,134.0263125000002,135.92725000000019,137.0106875000002,139.0013750000002,140.07925000000017
20.0,45.0,75.0,112.0,154.0,187.0,219.0,238.0,247.0,251.0,247.0,240.0,215.0,199.0,182.0,163.0,153.0,136.0,134.0,180.0,203.0,233.0,241.0,241.0,247.0,250.0,250.0,243.0,199.0,170.0,126.0,98.0,60.0,46.0,30.0,25.0
-156.9501250000002,-153.91968750000018,-152.0971875000002,-150.67606250000023,-148.9577500000002,-147.1263125000002,-146.20725000000022,-145.28543750000017,-143.4326250000002,-140.76850000000022,-139.49087500000022,-138.57975000000022,-136.7490625000002,-135.37950000000018,-133.73656250000016,-130.62518750000015,-129.33343750000017,-127.40900000000018,-126.14593750000019,-124.24518750000017,-122.99068750000016,-122.03800000000018,-120.49775000000017,-118.96975000000018,-117.35218750000017,-115.72506250000016,-113.91693750000017,-112.17943750000016,-110.65331250000015,-109.03156250000016,-107.49543750000016,-105.59062500000013,-104.02312500000014,-102.45943750000013,-100.89693750000012,-99.29662500000012
35.0,87.0,119.0,143.0,170.0,185.0,189.0,187.0,183.0,205.0,215.0,214.0,191.0,188.0,175.0,177.0,188.0,203.0,219.0,233.0,232.0,225.0,207.0,199.0,190.0,172.0,158.0,131.0,95.0,62.0,42.0,29.0,23.0,19.0,16.0,14.0
-185.25631250000032,-180.86337500000027,-178.0256250000003,-175.91681250000033,-173.09762500000025,-170.97350000000029,-169.54162500000027,-167.43468750000028,-163.16856250000023,-161.06950000000023,-160.3623125000002,-157.5623750000002,-154.7649375000002,-152.68025000000017,-150.57668750000022,-146.8606875000002,-145.43218750000017,-141.9044375000002,-138.30306250000018,-135.91312500000018,-133.76531250000022,-130.84381250000018,-128.67468750000018,-127.27356250000018,-125.24643750000017,-123.06956250000017,-119.18193750000017,-117.77962500000018,-115.25768750000016,-113.20187500000017,-111.00306250000017,-108.24675000000016,-106.02800000000013,-103.11587500000013,-100.89212500000014,-98.72450000000012
23.0,71.0,136.0,185.0,221.0,227.0,235.0,225.0,209.0,223.0,226.0,213.0,217.0,211.0,166.0,130.0,124.0,123.0,122.0,157.0,192.0,217.0,239.0,240.0,232.0,214.0,213.0,213.0,202.0,194.0,160.0,121.0,80.0,37.0,23.0,17.0
70.01087500000008,73.16106250000009,75.18500000000009,77.1242500000001,79.1291250000001,81.1096875000001,82.10087500000012,84.09443750000015,86.10068750000015,87.10006250000013,89.09818750000014,92.03612500000014,94.04331250000014,96.05643750000014,97.06518750000015,99.08643750000014,101.10518750000016,103.12656250000016,104.13793750000015,106.16150000000016,108.95781250000016,111.02193750000016,113.23906250000014,115.32418750000016,117.26825000000017,118.11300000000017,119.27631250000017,121.46306250000016,124.17556250000017,126.16256250000019,128.04068750000016,129.03125000000017,131.01281250000017,132.9962500000002,134.4120000000002,136.48606250000017
18.0,36.0,67.0,113.0,153.0,172.0,174.0,167.0,149.0,141.0,128.0,129.0,159.0,179.0,179.0,164.0,154.0,137.0,123.0,97.0,95.0,108.0,138.0,160.0,167.0,169.0,166.0,169.0,169.0,177.0,181.0,175.0,140.0,86.0,51.0,31.0
23.496312500000023,27.79093750000004,30.007187500000043,32.227062500000045,34.44931250000005,36.673187500000054,37.47350000000005,39.696562500000056,41.91643750000006,43.87412500000006,48.17943750000006,49.47368750000007,51.68187500000006,53.88562500000009,55.15918750000009,57.60806250000009,59.44331250000009,61.695562500000094,63.93981250000009,68.3998750000001,70.6146875000001,72.81962500000009,74.93050000000011,76.49775000000011,77.7145000000001,80.5651875000001,82.49937500000013,84.67737500000015,86.85018750000015,88.76387500000016,90.92812500000014,93.36975000000015,95.55381250000015,97.74762500000014,99.95262500000015,102.16893750000015
24.0,69.0,121.0,150.0,170.0,183.0,185.0,188.0,175.0,159.0,176.0,185.0,186.0,183.0,181.0,169.0,146.0,146.0,128.0,121.0,147.0,178.0,210.0,233.0,237.0,233.0,234.0,232.0,233.0,220.0,178.0,121.0,99.0,74.0,43.0,23.0
113.20125000000016,116.00931250000016,118.07800000000017,119.48893750000018,120.90093750000015,122.99268750000017,124.41075000000018,125.09718750000017,126.55825000000017,129.39068750000018,130.80743750000016,132.9365625000002,134.35206250000022,135.05550000000017,137.1596875000002,138.5638750000002,140.0056250000002,142.1380000000002,143.5528750000002,146.3509375000002,147.7326250000002,149.8690000000002,151.3435625000002,152.6728125000002,154.79375000000022,155.51712500000022,158.38950000000023,159.80606250000022,160.5160625000002,161.93781250000023,164.08643750000016,165.47431250000022,166.8903750000002,169.05106250000023,170.4708750000002,171.77343750000023
18.0,32.0,69.0,106.0,138.0,166.0,176.0,174.0,166.0,168.0,168.0,172.0,183.0,185.0,160.0,139.0,134.0,127.0,120.0,117.0,122.0,140.0,158.0,174.0,184.0,179.0,175.0,183.0,183.0,181.0,164.0,144.0,114.0,61.0,39.0,29.0
106.29337500000017,109.90075000000016,111.64718750000016,113.40787500000016,115.21856250000017,116.56293750000016,117.91512500000016,120.64537500000017,121.11668750000017,122.92693750000016,125.99593750000018,128.10418750000014,128.95918750000016,130.3132500000002,132.0040625000002,133.67631250000017,135.5568750000002,138.8366875000002,140.76250000000016,142.1593750000002,144.38443750000016,145.7708750000002,146.5973750000002,148.52643750000016,150.17112500000022,151.82250000000016,155.17525000000018,157.0548750000002,158.4008750000002,159.35406250000023,161.04331250000024,162.75200000000024,164.53593750000022,166.3498750000002,168.21268750000024,169.76256250000023
22.0,50.0,93.0,128.0,149.0,160.0,168.0,179.0,176.0,171.0,178.0,184.0,185.0,170.0,155.0,132.0,100.0,79.0,109.0,131.0,163.0,182.0,181.0,175.0,173.0,158.0,163.0,179.0,194.0,194.0,170.0,125.0,79.0,49.0,33.0,26.0
-69.2856875000001,-65.7014375000001,-63.547750000000086,-61.71468750000008,-59.941500000000076,-59.478937500000086,-57.24487500000008,-54.086937500000076,-52.30837500000007,-50.071187500000065,-48.72037500000006,-46.938500000000055,-44.692937500000056,-43.80606250000005,-41.96412500000005,-39.80206250000005,-38.057562500000046,-34.46631250000004,-32.41568750000003,-30.54093750000004,-28.33312500000003,-26.723312500000027,-25.33381250000003,-24.224500000000027,-21.980312500000025,-19.74562500000002,-18.34337500000002,-16.12037500000002,-14.132562500000018,-12.729437500000016,-10.734750000000014,-8.74031250000001,-6.716250000000009,-4.734562500000006,-2.922562500000003,-0.9453125000000009
27.0,72.0,110.0,146.0,167.0,171.0,148.0,154.0,163.0,164.0,171.0,179.0,183.0,178.0,145.0,95.0,71.0,83.0,120.0,152.0,162.0,184.0,194.0,194.0,182.0,174.0,168.0,153.0,145.0,135.0,111.0,75.0,43.0,30.0,21.0,16.0
-34.938562500000046,-31.201562500000037,-29.915312500000034,-27.77000000000003,-26.36212500000003,-25.049062500000026,-23.679187500000026,-20.16050000000002,-18.174812500000023,-16.786500000000018,-14.596062500000018,-13.188062500000017,-12.394937500000015,-10.343062500000014,-8.77231250000001,-5.736875000000007,-3.6710000000000047,-1.5665625000000016,-0.8536875000000008,0.5553125000000005,2.744125000000003,5.793312500000008,7.244812500000009,8.682687500000009,10.106875000000013,11.648250000000012,13.673250000000014,15.78800000000002,17.22962500000002,19.162812500000022,21.093625000000024,22.996125000000024,24.684812500000035,26.55718750000004,28.44243750000004,30.02487500000004
34.0,104.0,141.0,177.0,181.0,171.0,159.0,162.0,175.0,184.0,204.0,213.0,207.0,188.0,166.0,159.0,170.0,179.0,180.0,176.0,177.0,179.0,184.0,190.0,190.0,183.0,163.0,144.0,131.0,100.0,63.0,37.0,26.0,20.0,17.0,15.0
-60.33856250000008,-57.04512500000007,-54.847250000000074,-52.943187500000064,-51.317750000000075,-49.78312500000007,-49.15750000000006,-46.87350000000005,-44.743750000000055,-42.01800000000004,-40.65712500000005,-39.86956250000004,-37.93993750000004,-35.78550000000004,-34.17568750000004,-32.54887500000004,-28.988250000000036,-27.328562500000025,-25.655062500000028,-23.96875000000003,-22.590937500000024,-20.36575000000002,-18.99262500000002,-16.76712500000002,-15.398500000000018,-13.679500000000017,-11.808812500000014,-10.446812500000014,-8.59175000000001,-6.745562500000009,-4.907125000000006,-2.800625000000003,-1.164062500000001,0.6762500000000007,2.5106250000000028,4.254750000000005
21.0,43.0,78.0,120.0,146.0,154.0,152.0,154.0,160.0,168.0,172.0,170.0,164.0,151.0,131.0,115.0,134.0,162.0,179.0,189.0,191.0,191.0,195.0,198.0,198.0,194.0,183.0,166.0,154.0,135.0,95.0,51.0,34.0,24.0,20.0,16.0
-20.191187500000026,-17.06937500000002,-15.138375000000018,-13.451625000000018,-11.235125000000014,-9.828500000000012,-7.63606250000001,-6.999250000000009,-5.463437500000007,-3.3051875000000033,-0.49362500000000037,0.915250000000001,2.325562500000003,3.810437500000005,5.817500000000008,7.228687500000008,9.30243750000001,12.672625000000014,14.170875000000017,16.32762500000002,17.970750000000024,18.739687500000024,20.154562500000026,22.069750000000028,24.108500000000028,26.14650000000004,27.555000000000035,30.911937500000043,32.30587500000004,33.059937500000046,35.18287500000005,37.19950000000005,38.570437500000054,40.60662500000005,42.66781250000005,44.155312500000065
19.0,36.0,59.0,102.0,140.0,158.0,169.0,168.0,170.0,164.0,176.0,184.0,183.0,176.0,167.0,154.0,135.0,140.0,157.0,172.0,190.0,190.0,182.0,156.0,148.0,151.0,148.0,147.0,149.0,149.0,140.0,116.0,87.0,46.0,22.0,15.0
-174.36162500000026,-170.8507500000003,-169.23425000000026,-167.0965625000003,-165.27900000000022,-163.72956250000027,-163.21331250000026,-161.1098750000002,-159.66825000000023,-156.05806250000023,-154.6002500000002,-152.44081250000022,-151.03162500000022,-150.3158750000002,-148.2073750000002,-146.79268750000023,-144.68193750000017,-141.81006250000019,-139.8023125000002,-137.60131250000023,-136.25925000000018,-134.85418750000014,-133.54268750000017,-131.5082500000002,-128.9991250000002,-126.80406250000019,-125.38675000000018,-124.60100000000018,-122.56156250000018,-120.97775000000019,-119.13881250000016,-117.13531250000018,-115.35587500000017,-113.54875000000015,-111.76912500000017,-109.95862500000015
20.0,41.0,62.0,107.0,144.0,165.0,165.0,158.0,147.0,150.0,159.0,168.0,177.0,179.0,161.0,143.0,111.0,105.0,132.0,168.0,178.0,181.0,178.0,167.0,164.0,182.0,182.0,179.0,173.0,147.0,114.0,68.0,44.0,28.0,20.0,16.0
-171.41362500000028,-168.58118750000028,-166.42768750000027,-164.92962500000024,-163.49837500000024,-161.41100000000023,-159.9926250000002,-157.93225000000018,-157.29131250000023,-155.88500000000022,-153.35606250000023,-151.1840000000002,-150.4097500000002,-149.00531250000023,-146.52793750000018,-145.7515625000002,-143.57162500000018,-141.2553750000002,-139.4956875000002,-138.22093750000022,-136.80812500000016,-135.39418750000016,-133.33037500000017,-131.91112500000017,-130.38218750000016,-128.30806250000018,-126.8883125000002,-125.46806250000017,-123.37850000000017,-122.03375000000017,-119.85656250000018,-118.43218750000018,-116.88237500000017,-115.23062500000017,-113.42787500000017,-111.85018750000019
27.0,74.0,116.0,136.0,145.0,155.0,159.0,164.0,167.0,163.0,171.0,179.0,178.0,176.0,170.0,169.0,166.0,167.0,177.0,186.0,190.0,194.0,197.0,196.0,191.0,185.0,172.0,151.0,123.0,97.0,50.0,32.0,24.0,17.0,14.0,12.0
43.07668750000006,45.99081250000006,47.62237500000006,49.09293750000006,50.72537500000006,51.95431250000007,52.63493750000006,53.87337500000008,55.39381250000008,57.875375000000076,59.81150000000009,60.96687500000009,62.21462500000008,63.45581250000009,64.43887500000008,66.40862500000009,67.63456250000009,69.0871875000001,71.2696875000001,73.44468750000011,74.64562500000011,75.6170625000001,76.82212500000009,78.5186250000001,79.7282500000001,81.12275000000011,83.89106250000013,84.79037500000015,85.97906250000013,87.72100000000015,88.76312500000014,90.43700000000013,91.76231250000015,93.35756250000016,95.02850000000015,97.07168750000015
20.0,51.0,84.0,124.0,170.0,190.0,194.0,193.0,185.0,186.0,195.0,202.0,203.0,205.0,205.0,186.0,169.0,154.0,166.0,202.0,216.0,228.0,232.0,225.0,203.0,190.0,192.0,192.0,190.0,171.0,143.0,105.0,71.0,42.0,28.0,20.0
-173.30300000000028,-169.4562500000003,-167.76262500000027,-165.53531250000026,-164.6783125000003,-161.77412500000023,-160.4066875000002,-159.0373125000002,-157.15318750000023,-154.04837500000022,-153.1860000000002,-149.9474375000002,-148.0492500000002,-147.52006250000022,-145.51425000000017,-143.3026250000002,-141.3846875000002,-137.78968750000018,-136.10606250000018,-133.8667500000002,-132.2027500000002,-130.8088750000002,-127.76900000000018,-126.94556250000018,-125.56250000000017,-123.36118750000018,-121.71075000000016,-118.13650000000018,-116.25643750000016,-114.91575000000017,-113.58768750000017,-111.80631250000017,-109.74731250000018,-107.59731250000017,-105.85956250000014,-103.76243750000013
33.0,113.0,140.0,165.0,166.0,171.0,175.0,174.0,167.0,165.0,168.0,169.0,176.0,173.0,148.0,115.0,87.0,72.0,111.0,164.0,188.0,196.0,205.0,204.0,201.0,176.0,166.0,169.0,177.0,181.0,167.0,124.0,72.0,34.0,23.0,15.0
-124.18837500000018,-120.87743750000017,-119.78331250000018,-117.60687500000017,-115.48725000000016,-114.65318750000019,-112.64787500000017,-110.66037500000016,-108.82606250000016,-107.69743750000016,-106.85393750000017,-103.88031250000013,-103.01318750000014,-101.88231250000014,-99.86993750000013,-97.84387500000011,-96.74637500000014,-93.43381250000012,-92.47668750000012,-90.55737500000012,-88.6328125000001,-86.68125000000012,-85.71550000000012,-84.71843750000012,-82.74050000000011,-80.70018750000013,-79.69831250000011,-77.6786250000001,-75.6849375000001,-74.6915625000001,-72.71031250000011,-70.7455625000001,-69.6385625000001,-67.8708125000001,-66.2335000000001,-64.59225000000009
37.0,88.0,104.0,129.0,138.0,144.0,151.0,153.0,157.0,160.0,159.0,160.0,164.0,164.0,155.0,133.0,115.0,107.0,126.0,154.0,176.0,185.0,179.0,179.0,179.0,182.0,185.0,177.0,159.0,146.0,114.0,74.0,50.0,26.0,18.0,14.0
-104.80006250000014,-100.70981250000013,-98.51887500000012,-96.61400000000013,-95.36700000000012,-94.11562500000014,-91.95043750000012,-89.7347500000001,-87.8288750000001,-85.6206875000001,-81.7732500000001,-79.56256250000011,-77.35356250000011,-76.1027500000001,-74.85481250000011,-72.56193750000011,-68.8262500000001,-66.6281250000001,-65.1185000000001,-64.43293750000008,-62.24012500000008,-60.15950000000008,-57.96175000000008,-55.93168750000008,-51.96725000000007,-49.75756250000008,-47.81431250000006,-45.869687500000055,-45.18293750000005,-42.78250000000005,-40.901937500000045,-38.77106250000004,-36.84043750000005,-34.58031250000005,-32.30493750000004,-30.60662500000004
33.0,101.0,151.0,175.0,183.0,179.0,167.0,146.0,124.0,104.0,140.0,183.0,200.0,198.0,186.0,179.0,187.0,198.0,202.0,203.0,197.0,170.0,135.0,103.0,118.0,150.0,162.0,167.0,164.0,157.0,121.0,75.0,47.0,28.0,20.0,15.0
-62.88000000000008,-58.78512500000008,-56.687375000000074,-54.574125000000066,-53.83043750000007,-51.75487500000007,-47.93962500000005,-46.58768750000006,-43.884062500000056,-41.45650000000005,-40.90831250000005,-38.97218750000005,-36.278687500000046,-34.37881250000005,-32.39187500000004,-30.396312500000036,-28.172500000000028,-24.272812500000022,-22.341125000000023,-19.849875000000022,-17.64606250000002,-17.081687500000022,-14.877000000000018,-12.678500000000016,-11.070312500000016,-6.9054375000000086,-5.1062500000000055,-3.0936875000000033,-0.8964375000000009,-0.10650000000000004,1.9097500000000023,4.098812500000005,6.287312500000008,8.52087500000001,10.676937500000012,12.667875000000013
28.0,87.0,141.0,177.0,183.0,184.0,183.0,191.0,195.0,199.0,199.0,192.0,185.0,173.0,140.0,109.0,89.0,116.0,157.0,195.0,216.0,216.0,205.0,182.0,164.0,151.0,184.0,200.0,202.0,200.0,182.0,138.0,73.0,36.0,23.0,18.0
-30.00400000000004,-27.049062500000026,-25.651250000000026,-23.584000000000024,-22.194437500000028,-20.779000000000025,-18.686125000000022,-17.246250000000018,-15.870750000000019,-15.146937500000018,-13.044437500000017,-10.935187500000014,-8.81681250000001,-8.09025000000001,-6.664875000000009,-5.219937500000006,-3.0803750000000027,-0.9480625000000009,0.46825000000000044,2.591937500000003,4.006937500000005,4.7076250000000055,6.136937500000007,8.26837500000001,9.68231250000001,11.792312500000014,13.914500000000015,15.321687500000019,16.024187500000018,18.129687500000024,19.554625000000023,20.965500000000027,23.046125000000025,24.440937500000032,25.829875000000037,27.48125000000004
21.0,67.0,93.0,116.0,127.0,147.0,170.0,182.0,185.0,185.0,173.0,174.0,183.0,186.0,188.0,179.0,165.0,161.0,167.0,190.0,201.0,202.0,198.0,178.0,166.0,158.0,163.0,169.0,167.0,143.0,120.0,89.0,47.0,31.0,22.0,16.0
-24.239312500000025,-19.885062500000025,-17.662500000000023,-15.42031250000002,-14.782625000000017,-13.169875000000015,-10.919500000000014,-8.674937500000011,-4.828437500000005,-3.204062500000003,-1.8141875000000018,0.3946250000000004,2.1419375000000027,4.318500000000006,6.816250000000008,9.035062500000011,13.003375000000013,15.17312500000002,17.330875000000024,19.360250000000022,20.115187500000026,22.16106250000002,24.817750000000036,26.24206250000003,29.323375000000038,32.77918750000005,34.863687500000054,36.91400000000005,37.629875000000055,39.73193750000006,41.89137500000005,43.99918750000006,46.09793750000006,48.179375000000064,50.336750000000066,52.51925000000007
40.0,127.0,174.0,196.0,203.0,192.0,160.0,140.0,158.0,162.0,160.0,155.0,155.0,142.0,113.0,82.0,92.0,129.0,161.0,180.0,183.0,174.0,166.0,156.0,140.0,151.0,165.0,179.0,182.0,169.0,128.0,83.0,43.0,28.0,19.0,15.0
34.87581250000005,38.19550000000005,40.16362500000005,42.11587500000006,43.80068750000005,45.712500000000055,47.208187500000065,48.16806250000006,50.07987500000006,52.27918750000006,53.23131250000007,55.13125000000008,57.35850000000008,58.92281250000009,62.39293750000009,63.65531250000009,65.86800000000008,67.77281250000009,69.68306250000008,71.24381250000009,73.15643750000011,74.4078125000001,75.65400000000011,77.57075000000009,79.4955000000001,81.16006250000011,84.08737500000015,86.05025000000013,87.28043750000016,88.26312500000014,90.23431250000014,91.89643750000015,93.63850000000016,95.60906250000015,97.38500000000013,99.15075000000016
17.0,32.0,50.0,84.0,122.0,171.0,206.0,218.0,212.0,203.0,197.0,181.0,162.0,155.0,162.0,169.0,178.0,200.0,219.0,229.0,234.0,238.0,235.0,219.0,197.0,167.0,177.0,212.0,225.0,229.0,211.0,175.0,129.0,77.0,43.0,26.0
98.93562500000016,102.45437500000017,104.37168750000016,106.48131250000016,108.44375000000016,110.00193750000015,111.83618750000016,114.05825000000017,114.97987500000016,117.20456250000016,118.50581250000018,120.73187500000017,122.03381250000017,123.88656250000018,126.46081250000019,127.76312500000017,129.61143750000014,133.1410000000002,134.98268750000017,137.2068750000002,138.90612500000017,139.82450000000017,141.5350625000002,144.0680000000002,144.99131250000022,147.83731250000022,149.6553750000002,152.62212500000018,153.54137500000022,155.84593750000016,156.7534375000002,158.5606875000002,160.3572500000002,162.5950625000002,164.40156250000024,166.1811250000002
20.0,41.0,67.0,114.0,164.0,194.0,204.0,206.0,207.0,208.0,209.0,207.0,191.0,161.0,157.0,143.0,121.0,93.0,108.0,138.0,164.0,177.0,180.0,178.0,178.0,183.0,176.0,175.0,178.0,175.0,173.0,163.0,135.0,82.0,46.0,31.0
-147.3470000000002,-143.5676875000002,-142.3731875000002,-141.4028125000002,-139.6257500000002,-136.95231250000018,-134.9305000000002,-133.78256250000015,-131.3843750000002,-130.2615625000002,-128.28087500000018,-127.29037500000018,-125.72550000000018,-123.76725000000019,-121.66706250000017,-119.55706250000017,-117.43437500000019,-116.45712500000019,-115.48168750000018,-113.53587500000017,-110.62775000000016,-108.69287500000016,-107.51062500000018,-105.34981250000014,-103.40168750000014,-102.20493750000013,-101.22668750000012,-99.60606250000012,-97.86106250000012,-95.70481250000013,-93.90606250000013,-92.59718750000012,-90.75862500000011,-88.93631250000011,-86.77956250000013,-85.70493750000011
46.0,136.0,149.0,156.0,153.0,164.0,169.0,166.0,167.0,180.0,192.0,189.0,172.0,155.0,141.0,146.0,164.0,170.0,169.0,160.0,153.0,164.0,168.0,176.0,187.0,192.0,187.0,179.0,150.0,112.0,78.0,56.0,34.0,22.0,17.0,14.0
-121.56168750000019,-118.28975000000017,-116.41831250000017,-114.30000000000017,-112.29162500000018,-111.29225000000017,-109.44468750000017,-107.46750000000017,-105.34075000000013,-102.90937500000013,-100.79156250000013,-99.81012500000014,-97.84931250000012,-95.88912500000012,-93.92787500000011,-91.96418750000014,-88.45362500000013,-86.73900000000012,-84.78243750000011,-82.90650000000011,-80.93125000000012,-79.94112500000011,-77.95556250000011,-75.96268750000011,-72.9594375000001,-71.9546250000001,-69.24368750000009,-67.1489375000001,-66.1555000000001,-64.17637500000009,-62.04050000000008,-60.664125000000084,-58.64812500000008,-56.66606250000008,-54.76218750000007,-52.874000000000066
36.0,131.0,156.0,181.0,207.0,211.0,206.0,207.0,206.0,222.0,239.0,235.0,213.0,191.0,154.0,111.0,98.0,135.0,189.0,218.0,234.0,231.0,209.0,193.0,193.0,195.0,201.0,208.0,205.0,183.0,151.0,119.0,75.0,41.0,25.0,19.0
-138.17762500000018,-134.1812500000002,-132.2175000000002,-130.1531250000002,-128.12312500000016,-127.11200000000018,-125.09731250000017,-123.14150000000018,-120.2081875000002,-118.27368750000018,-116.22400000000017,-115.27725000000018,-113.27131250000018,-111.25868750000016,-109.23968750000016,-107.21518750000017,-103.17693750000012,-101.14850000000013,-99.09381250000011,-97.11862500000012,-95.17250000000013,-93.10518750000013,-91.19062500000013,-90.28518750000013,-88.30868750000012,-85.34337500000012,-84.3537500000001,-82.26818750000011,-80.18150000000011,-78.37843750000012,-76.27981250000012,-74.2611250000001,-72.22737500000011,-70.1781875000001,-68.11537500000009,-66.04450000000011
51.0,128.0,157.0,189.0,205.0,203.0,191.0,174.0,196.0,210.0,216.0,209.0,186.0,145.0,114.0,80.0,73.0,106.0,157.0,193.0,202.0,204.0,204.0,202.0,201.0,208.0,208.0,197.0,182.0,175.0,166.0,134.0,80.0,41.0,26.0,20.0
-88.98575000000011,-84.3110000000001,-82.42031250000012,-79.71875000000011,-77.52968750000012,-76.6800000000001,-74.9643750000001,-71.95425000000012,-68.2505000000001,-66.02737500000009,-63.83462500000009,-61.62318750000007,-60.731375000000085,-58.51412500000008,-56.36537500000007,-54.16193750000008,-51.95618750000007,-47.574250000000056,-45.33312500000005,-43.229625000000055,-41.39000000000004,-40.46962500000005,-37.848500000000044,-35.87081250000004,-33.25425000000004,-30.11543750000004,-26.691437500000028,-24.455937500000026,-23.130625000000027,-21.800312500000025,-19.552437500000025,-17.30162500000002,-15.048500000000018,-12.793812500000017,-10.538937500000014,-8.28543750000001
38.0,143.0,171.0,189.0,203.0,204.0,183.0,154.0,157.0,190.0,206.0,219.0,220.0,196.0,149.0,109.0,66.0,99.0,154.0,196.0,222.0,222.0,204.0,182.0,155.0,139.0,160.0,186.0,194.0,191.0,179.0,142.0,80.0,44.0,27.0,19.0
32.377000000000045,37.36287500000006,39.62950000000006,41.738625000000056,44.82668750000006,46.80243750000005,47.79068750000006,51.744000000000064,52.85687500000007,55.95543750000007,59.06800000000009,62.27893750000008,65.0188750000001,66.9958125000001,67.8081250000001,70.5609375000001,72.8935000000001,77.22431250000011,80.1517500000001,82.09231250000013,84.02400000000014,85.94712500000014,88.12537500000013,90.58362500000015,93.06281250000013,97.55925000000015,100.41393750000016,102.90493750000014,105.46931250000016,106.42450000000017,108.34062500000016,110.83787500000017,113.46150000000017,115.95375000000017,118.40250000000017,120.82406250000018
21.0,62.0,120.0,157.0,174.0,177.0,179.0,178.0,180.0,160.0,142.0,157.0,189.0,205.0,198.0,141.0,105.0,142.0,182.0,186.0,191.0,190.0,174.0,146.0,132.0,123.0,145.0,172.0,208.0,216.0,196.0,148.0,88.0,47.0,28.0,16.0
28.685750000000038,31.844937500000043,33.745687500000045,35.31668750000006,37.21775000000005,38.166937500000046,39.433375000000055,42.275937500000055,44.126312500000054,45.062187500000064,46.32568750000006,49.12562500000007,50.98531250000006,51.32456250000007,52.94043750000006,54.80256250000008,56.55968750000008,58.21187500000009,60.660625000000095,62.89000000000009,64.7530000000001,66.43737500000009,68.1004375000001,69.5857500000001,70.51306250000009,71.81156250000011,73.6698750000001,75.3420625000001,77.74868750000012,78.6784375000001,80.5413125000001,82.41037500000016,83.70562500000014,85.58343750000013,87.22062500000015,88.83781250000014
18.0,34.0,60.0,94.0,131.0,142.0,152.0,155.0,167.0,168.0,172.0,188.0,194.0,195.0,176.0,140.0,122.0,108.0,107.0,115.0,131.0,150.0,181.0,206.0,204.0,200.0,194.0,175.0,168.0,161.0,149.0,131.0,115.0,69.0,38.0,21.0
-173.4766875000003,-169.85506250000032,-167.85200000000026,-165.93618750000024,-164.54750000000024,-162.56056250000023,-160.34231250000022,-160.1477500000002,-158.13875000000024,-156.40068750000023,-152.98481250000026,-151.58150000000018,-150.8067500000002,-148.7707500000002,-147.22081250000025,-145.1811250000002,-143.47656250000017,-141.4318750000002,-138.30637500000017,-136.2894375000002,-134.28150000000016,-132.70950000000016,-130.70712500000016,-129.3129375000002,-127.12450000000018,-126.52368750000018,-124.33037500000017,-122.93106250000017,-120.92618750000018,-119.12875000000017,-116.92525000000018,-115.51750000000017,-113.31537500000016,-111.74831250000018,-109.98500000000017,-108.17875000000015
25.0,54.0,90.0,133.0,162.0,190.0,204.0,205.0,200.0,186.0,185.0,187.0,180.0,167.0,151.0,139.0,129.0,125.0,126.0,135.0,158.0,180.0,189.0,196.0,204.0,202.0,186.0,169.0,138.0,109.0,85.0,69.0,47.0,28.0,18.0,15.0
-164.41612500000022,-161.19137500000022,-159.51212500000022,-157.6401250000002,-156.0919375000002,-154.4837500000002,-152.8883125000002,-151.00987500000022,-150.07218750000015,-147.8618125000002,-146.2200625000002,-144.34312500000019,-143.4118750000002,-141.56700000000018,-139.3396875000002,-137.53743750000018,-137.1080625000002,-135.3237500000002,-133.5686250000002,-131.83875000000018,-130.03093750000016,-128.68325000000016,-125.60937500000017,-123.8881250000002,-122.01793750000019,-120.26656250000018,-118.79593750000018,-117.91631250000019,-116.56262500000017,-114.75737500000017,-113.30787500000017,-111.53156250000016,-109.88768750000015,-108.26750000000017,-106.47331250000015,-104.33118750000013
26.0,63.0,94.0,135.0,155.0,183.0,204.0,208.0,210.0,206.0,206.0,209.0,212.0,213.0,209.0,210.0,207.0,202.0,189.0,160.0,133.0,112.0,109.0,120.0,141.0,164.0,185.0,194.0,190.0,173.0,132.0,98.0,58.0,40.0,26.0,18.0
110.25212500000015,113.83862500000018,115.22537500000016,117.30262500000018,119.42581250000016,120.83118750000017,122.97443750000018,123.64981250000017,126.53668750000018,127.21612500000018,130.00781250000017,132.1330000000002,132.86612500000015,134.29825000000017,137.17725000000019,137.8849375000002,140.01037500000015,142.14612500000018,143.56506250000024,146.3994375000002,148.54575000000017,150.6913750000002,152.15112500000018,154.23525000000018,154.9156250000002,156.3180000000002,158.4066875000002,161.1956250000002,162.6023750000002,163.9936875000002,166.0233125000002,167.38118750000024,169.30975000000024,171.3606875000002,172.90306250000026,174.84575000000024
14.0,23.0,30.0,57.0,86.0,102.0,123.0,126.0,125.0,128.0,134.0,159.0,170.0,172.0,166.0,168.0,161.0,137.0,116.0,111.0,130.0,172.0,180.0,184.0,185.0,184.0,177.0,174.0,171.0,168.0,153.0,141.0,121.0,83.0,56.0,27.0
-177.63693750000027,-173.9781250000003,-171.68631250000027,-169.49431250000026,-168.03906250000028,-165.78993750000024,-164.37100000000027,-162.9676250000002,-160.76143750000023,-157.6790000000002,-156.2955625000002,-154.90656250000018,-152.91300000000024,-150.6925000000002,-149.1116250000002,-147.05725000000018,-144.8665000000002,-141.2483750000002,-139.19012500000017,-137.1455625000002,-135.0553750000002,-134.3235000000002,-132.1908750000002,-129.27675000000022,-128.5086250000002,-126.63387500000019,-124.46893750000018,-122.30037500000017,-120.78262500000017,-118.65556250000017,-116.59956250000018,-114.51931250000014,-112.41800000000016,-110.67712500000016,-108.61475000000016,-106.74943750000016
30.0,84.0,122.0,160.0,182.0,202.0,210.0,207.0,193.0,199.0,201.0,201.0,185.0,168.0,151.0,128.0,99.0,122.0,166.0,194.0,208.0,206.0,204.0,204.0,203.0,198.0,188.0,177.0,172.0,167.0,138.0,92.0,48.0,30.0,19.0,14.0
-67.4238125000001,-64.36568750000008,-62.49693750000009,-60.757625000000075,-59.40443750000007,-58.058937500000084,-56.718250000000076,-55.379625000000075,-53.60037500000007,-50.456000000000074,-49.10012500000006,-47.310125000000056,-46.419000000000054,-45.05393750000006,-43.19031250000005,-41.91481250000005,-40.03156250000005,-37.24406250000004,-35.310250000000046,-33.581437500000035,-32.184750000000044,-30.790312500000034,-28.55800000000003,-27.17925000000003,-26.34375000000003,-24.67456250000003,-22.156375000000022,-21.307625000000026,-19.444312500000024,-18.109500000000022,-16.389937500000016,-14.623875000000016,-12.913750000000016,-11.128812500000015,-9.605000000000011,-7.666000000000009
32.0,72.0,110.0,150.0,163.0,168.0,170.0,167.0,151.0,154.0,168.0,179.0,183.0,177.0,145.0,120.0,90.0,90.0,111.0,129.0,149.0,164.0,174.0,177.0,179.0,179.0,186.0,184.0,169.0,150.0,115.0,74.0,48.0,29.0,21.0,18.0
